Expediente,FechaRegistro,Calle,Numero,AlturaObra,Zona,Seccion,Manzana,Parcela,Barrio,Comuna,CodigoPostal,Tipo,MetrosCuadrados,Longitud,Latitud
34643512/18,2019-07-12,GUTENBERG,3023,3023/27,15,71,30,21,Agronomia,15,C1419IDI,Obra Mayor,121.33,-58.498099869718295,-34.5934875416082
26241573/18,2019-06-25,NAVARRO,2923,2923,15,71,42,29a,Agronomia,15,C1419HTE,Obra Media,520.85,-58.4953495785954,-34.5943273453435
10525744/18,2019-08-13,ZAMUDIO,3549,3549,15,61,134,12a,Agronomia,15,C1419EFA,Micro Obra,,-58.488757190349205,-34.5909977977615
32754162/18,2019-07-19,SANCHEZ DE LORIA,371,371/85,9,28,23,31,Almagro,5,C1173ACG,Obra Media,642,-58.41304965134871,-34.6139895506884
31134596/18,2019-08-30,"SALGUERO, JERONIMO",76,76/82,7,17,86,03A,Almagro,5,C1177ADB,Obra Mayor,6100.61,-58.4201850921523,-34.6100426626626
8756720/17,2019-08-26,DIAZ VELEZ AV.,4001,4001/09,7,17,67,26/27,Almagro,5,C1200AAH,Obra Menor,41.59,-58.4231683762875,-34.6084199396153
26746895/15,2019-06-28,DIAZ VELEZ AV.,4363,4363/69,9,17,28,18g,Almagro,5,C1200AAK,Obra Media,788.32,-58.4285386374425,-34.6084272495275
23544795/18,2019-07-15,CORRIENTES AV.,3841,3841/49,7,17,106,2l,Almagro,5,C1194AAE,Obra Mayor,915.44,-58.418631315936395,-34.6034081702219
25747086/19,2019-09-27,CORRIENTES AV.,3684,3684/700,9,13,17,8A,Almagro,5,C1194AAP,Obra Menor,279.14,-58.416622640912294,-34.6039713391011
25057060/18,2019-08-27,CORRIENTES AV.,3581,3581/89,9,13,29,21,Almagro,5,C1194AAB,Obra Media,1632.53,-58.415323665359296,-34.6035676400066
38054232/15,2019-07-11,CASTRO BARROS AV.,130,130/32,6,36,119,9,Almagro,5,C1178AAD,Micro Obra,,-58.4202253552458,-34.6134478662846
20278044/19,2019-09-30,BELGRANO,4226,4226/28,36,29,4,,Almagro,5,C1210AAX,Obra Menor,109,-58.4263376473092,-34.6161805125738
35315824/18,2019-09-27,"MITRE, BARTOLOME",3413,3413/15,9,13,24,9,Almagro,5,C1201AAM,Obra Media,1048.83,-58.41482655015,-34.6092233497424
15450486/19,2019-08-22,TREINTA Y TRES ORIENTALES,160,160,6,36,62,18,Almagro,5,C1182AED,Micro Obra,21.61,-58.424467978857,-34.6154763692461
19339341/19,2019-07-16,ESTADO DE ISRAEL AV.,4316,4316,7,17,36,2,Almagro,5,C1185AAP,Micro Obra,,-58.4267553048277,-34.5981456821526
29524017/17,2019-07-10,ESTADO DE ISRAEL AV.,4334,4334,7,17,36,4,Almagro,5,C1185AAP,Obra Mayor,2254.2,-58.4268918470764,-34.5982402250974
32558681/18,2019-06-27,GUARDIA VIEJA,3978,3978,7,17,94,10,Almagro,5,C1192AAN,Obra Media,1072.17,-58.420237068385106,-34.6008897349387
35068800/18,2019-09-04,GALLO,78,78,9,13,36,15,Almagro,5,C1172ABB,Obra Media,1865.15,-58.4142404846959,-34.607606540511
24681865/19,2019-09-27,MEDRANO AV.,828,828,7,17,83,37,Almagro,5,C1179AAP,Micro Obra,,-58.420901752857,-34.600322659413
10590783/19,2019-08-29,MEXICO,4381,4381,6,36,11,23,Almagro,5,C1223ACK,Micro Obra,,-58.4277161493497,-34.620515234169694
33505174/18,2019-07-19,POTOSI,4005,4005,7,17,68,9,Almagro,5,C1199ACG,Obra Mayor,695.82,-58.4230745439899,-34.6071264619005
29861522/18,2019-08-21,YATAY,1031,1031,7,17,35,18,Almagro,5,C1184ADS,Obra Media,1443.69,-58.427920894363204,-34.5996578842767
5511681/19,2019-08-15,MORENO,2681,2681,10,20,140,1B,Balvanera,3,C1094ABQ,Micro Obra,,-58.40395156664479,-34.613108722346695
29912720/18,2019-07-15,MATHEU,768,768/70,10,20,22,15,Balvanera,3,C1219AAD,Obra Mayor,1091.27,-58.3998568413585,-34.6181979908092
15030891/19,2019-08-20,GUARDIA VIEJA,3380,3380/82,9,13,52,8,Balvanera,3,C1192AAB,Obra Menor,41.63,-58.4124595136374,-34.602709362274
12379607/16,2019-08-08,ECUADOR,374,374/80,9,13,79,42,Balvanera,3,C1214ACD,Obra Media,808.71,-58.4086458878798,-34.6056786246793
33204158/18,2019-06-28,CHILE,2970,2970/80,9,28,50,31b,Balvanera,3,C1221ABB,Obra Mayor,5914.7,-58.407409497781,-34.6190281330443
26752049/18,2019-09-16,"GARDEL, CARLOS",3158,3158/62,9,13,70,5,Balvanera,3,C1215AAB,Obra Media,1568.86,-58.40943262954679,-34.6034258757113
33935729/18,2019-07-19,"ALSINA, ADOLFO",2298,2298,20,40,10,,Balvanera,3,C1090AAJ,Obra Mayor,1304.72,-58.398830015078104,-34.6121925382116
13422157/18,2019-08-08,"PERON, JUAN DOMINGO, TTE. GENERAL",2237,2237,11,9,44,30,Balvanera,3,C1040AAI,Obra Media,2419.18,-58.398325781608705,-34.6069227938193
26690896/16,2019-09-27,LAVALLE,2042,2042,11,9,62,7a,Balvanera,3,C1051ABF,Obra Media,2043.24,-58.396103404930706,-34.603496671196105
22182980/19,2019-08-07,LAVALLE,2337,2337,2,9,39,28,Balvanera,3,C1052AAA,Micro Obra,,-58.4001188560788,-34.6030733880891
15694425/19,2019-06-14,REPUBLICA BOLIVARIANA DE VENEZUELA,1933,1933,10,20,62,100,Balvanera,3,C1096ABG,Micro Obra,,-58.393735534950295,-34.6147868337598
22777835/19,2019-08-08,VIAMONTE,2979,2979,9,13,84,16,Balvanera,3,C1213ACE,Micro Obra,,-58.4073128927725,-34.600480345963604
5659771/18,2019-07-11,MENDOZA,3775,3775,16,39,5,7B,Belgrano,13,C1430BRI,Obra Media,967,-58.471055696701605,-34.5688430938351
10303918/17,2019-07-31,CUBA,2791,2791,16,27,25,9,Belgrano,13,C1428AES,Micro Obra,,-58.4600802739293,-34.5544624821856
31978887/18,2019-07-11,VIDAL,2074,2074/80,16,39,69,006J,Belgrano,13,C1428CSF,Obra Mayor,5614.41,-58.460389774191704,-34.5646347679645
20438142/16,2019-09-17,"SUCRE, ANTONIO JOSE DE, MCAL.",812,812/18,16,25,109,2a,Belgrano,13,C1428DUF,Micro Obra,,-58.438382463194294,-34.554227199106606
16150783/19,2019-07-12,ROOSEVELT FRANKLIN D.,1872,1872/76,16,27,57B,2a,Belgrano,13,C1428BNH,Obra Mayor,1716.3,-58.455573365668,-34.5546002917201
32603686/18,2019-09-16,DEL LIBERTADOR AV.,5723,5723/47,16,25,67,15d,Belgrano,13,C1428ARA,Obra Mayor,35828.66,-58.4451500589871,-34.559071946286004
16948216/19,2019-07-18,MONROE,2256,2256/72,16,25,14,5/6A/6B,Belgrano,13,C1428BLJ,Micro Obra,,-58.4583750102643,-34.5575915091991
29593287/19,2019-09-27,MONTAÑESES,2474,2474/76,16,25,59,26,Belgrano,13,C1428AQL,Obra Menor,162.05,-58.4520441810861,-34.5541059140451
21642777/19,2019-09-24,MENDOZA,3262,3262/66,16,39,42,3,Belgrano,13,C1428DLF,Obra Media,1708.5,-58.465684886862604,-34.565974607996004
33184981/18,2019-07-11,MONTAÑESES,2474,2474/76,16,25,59,26,Belgrano,13,C1428AQL,Obra Mayor,785.59,-58.4520441810861,-34.5541059140451
4108700/19,2019-06-27,"HERNANDEZ, JOSE",2030,2030/80,17,23,53,3C,Belgrano,13,C1426EOJ,Obra Menor,32.96,-58.4501041110439,-34.564099427936895
35221371/18,2019-06-19,ECHEVERRIA,1238,1238/64,16,25,82,9d,Belgrano,13,C1428DQN,Obra Mayor,2596.36,-58.4439689234921,-34.556303280394104
17904570/19,2019-07-29,DRAGONES,2140,2140/42,16,25,105,38,Belgrano,13,C1428AZH,Obra Mayor,475.08,-58.441735011975496,-34.552438650088895
32089043/18,2019-06-25,CRAMER AV.,2001,2001/05,16,39,69,9c,Belgrano,13,C1428CTE,Obra Mayor,4388.56,-58.4604692350338,-34.565575500306394
8315345/18,2019-08-13,CAZADORES,2151,2151/57,16,25,98,012b,Belgrano,13,C1428AVG,Obra Media,623.63,-58.4433713871854,-34.553344201224796
23412526/19,2019-08-23,CABILDO AV.,2586,2586/88,16,41,152,14,Belgrano,13,C1428AAU,Obra Media,584.52,-58.46069582350739,-34.5579320692776
23412526/19,2019-09-23,CABILDO AV.,2586,2586/88,16,41,152,14,Belgrano,13,C1428AAU,Obra Media,584.52,-58.46069582350739,-34.5579320692776
22244186/19,2019-08-06,CABILDO AV.,1956,1956/60,16,39,96,25,Belgrano,13,C1428AAO,Obra Menor,286.45,-58.4558700067774,-34.5636110582825
26763120/19,2019-08-29,CIUDAD DE LA PAZ,2775,2775/77,16,41,154,8,Belgrano,13,C1428CPU,Micro Obra,,-58.4623818989962,-34.556797980936
35412308/18,2019-08-20,ARTILLEROS,2437,5243/53,16,25,94,14a,Belgrano,13,C1428AUM,Obra Menor,177.16,-58.4470396136209,-34.5516142302327
20278002/19,2019-07-16,"BALBIN, RICARDO, DR. AV.",2422,2422/26,16,39,59,1E,Belgrano,13,C1428CVO,Micro Obra,,-58.46560817116921,-34.562781805495895
35316726/18,2019-08-27,ARRIBEÑOS,2263,2263/65,16,25,57,11,Belgrano,13,C1428APB,Obra Media,612.9,-58.451297473413,-34.5565803220522
24230160/19,2019-08-23,ZAPIOLA,2254,2254/62,16,39,50,6a,Belgrano,13,C1428CXH,Obra Menor,74.5,-58.464882046910894,-34.56474186688111
24230160/19,2019-09-20,ZAPIOLA,2254,2254/62,16,39,50,6a,Belgrano,13,C1428CXH,Micro Obra,,-58.464882046910894,-34.56474186688111
31378991/18,2019-08-28,ARCOS,1521,1521/39,17,23,50,12/13,Belgrano,13,C1426BGI,Obra Mayor,5310.37,-58.449026330901006,-34.5656073266509
23306438/19,2019-08-06,"SUCRE, ANTONIO JOSE DE, MCAL.",744,744/72,16,25,113,6a,Belgrano,13,C1428DUD,Micro Obra,,-58.4375394955946,-34.5539147525799
13763849/18,2019-08-07,ARTILLEROS,2256,2256,16,25,85,34b,Belgrano,13,C1428AUJ,Obra Menor,181.02,-58.4458936946453,-34.5533453001333
11120998/19,2019-06-05,ARTILLEROS,2360,2360,16,25,86,2F,Belgrano,13,C1428AUL,Obra Menor,288.09,-58.44670085069329,-34.5523749571048
35220456/18,2019-06-11,BLANCO ENCALADA,2950,2950,16,39,65,4A,Belgrano,13,C1428DDX,Micro Obra,7.89,-58.464199445437096,-34.5625131316521
20873322/19,2019-07-11,CRAMER AV.,2758,2758,16,41,99,29a,Belgrano,13,C1428CTT,Micro Obra,,-58.4665666587776,-34.5591552909903
32536513/18,2019-07-12,JURAMENTO AV.,2527,2527,16,39,91,,Belgrano,13,C1428DNQ,Obra Mayor,561.15,-58.4585114770475,-34.5624238165855
18068088/19,2019-07-10,"UGARTE, MANUEL",2525,2525,16,41,144,21,Belgrano,13,C1428BSM,Obra Mayor,1232.23,-58.4631668491933,-34.556647776448806
35377053/18,2019-08-27,MELIAN AV.,2299,2299,16,39,26,5d,Belgrano,13,C1430EXI,Obra Menor,272.45,-58.4693057579838,-34.566926312967
13663119/19,2019-06-07,MIGUELETES,1762,1762/64,17,23,129,37,Belgrano,13,C1426BVB,Micro Obra,,-58.444089789535504,-34.5593334664026
21219692/18,2019-06-25,"NAON, ROMULO",2217,2217,16,39,5,8,Belgrano,13,C1430EPI,Obra Menor,61.38,-58.4713026778586,-34.5688233665274
31941324/18,2019-06-12,"SUCRE, ANTONIO JOSE DE, MCAL.",1841,1841,16,25,38,10,Belgrano,13,C1428DVE,Obra Media,1495.35,-58.4500698014587,-34.560776518217104
24716382/18,2019-07-29,TUNEZ,2583,2583,16,27,57A,20,Belgrano,13,C1428ALA,Obra Mayor,767.5,-58.455201157303705,-34.5545404447157
6101842/18,2019-08-27,SUAREZ,737,737/41,4,6,5,15,Boca,4,C1162AEO,Micro Obra,,-58.3637225417815,-34.637063176656
32984871/18,2019-08-30,REGIMIENTO DE PATRICIOS AV.,722,722/30,4,10,65,,Boca,4,C1265AEN,Obra Mayor,4439.79,-58.369398042199705,-34.6368267684646
2124237/19,2019-08-20,NECOCHEA,684,684/86,4,6,59,8,Boca,4,C1158ACH,Obra Menor,217.18,-58.3615941476561,-34.6297573705955
3991481/17,2019-06-28,20 DE SETIEMBRE,469,469,4,6,6B,2,Boca,4,C1428APB,Obra Media,889.44,-58.364110996187804,-34.631095636325604
29413111/17,2019-07-30,"BROWN, ALTE. AV.",757,757/61,4,6,32,18,Boca,4,C1155AEE,Obra Mayor,3596.46,-58.3618407066855,-34.6318960424724
34502238/18,2019-08-08,"PALACIOS, ALFREDO L.",1186,1186/94,4,10,70,3K,Boca,4,C1167ABH,Obra Media,1500.83,-58.366727619277896,-34.6438711766635
13173527/18,2019-08-20,ARZOBISPO ESPINOSA,1007,1007/11,3,8,68,23,Boca,4,C1165AAA,Micro Obra,18,-58.3677744786126,-34.633338017582695
22702495/19,2019-09-11,ESPAÑA AV.,3301,3301,21,96,19,0000M,Boca,4,C1107AMZ,Obra Media,651.5,-58.3429631454003,-34.6239412980889
21809377/18,2019-06-07,IRALA,1631,1631,4,10,70,1y,Boca,4,C1164ACK,Obra Menor,150.83,-58.365851265044,-34.6438861778521
3904723/17,2019-06-28,"RODRIGUEZ, MARTIN",361,361,4,6,6f,1/2/3a,Boca,4,C1159AFC,Micro Obra,,-58.3636916016603,-34.631738100050995
25130141/18,2019-06-04,"RODRIGUEZ, MARTIN",587,587,4,6,23,31,Boca,4,C1159ADC,Obra Menor,60.52,-58.362153095246704,-34.6333789851113
18075818/19,2019-08-20,PINZON,1030,1030,4,10,78,5,Boca,4,C1161ADD,Obra Menor,129.6,-58.3671466523272,-34.6363849888189
20556989/18,2019-06-27,TARIJA,4064,4064/68,6,36,48,8,Boedo,5,C1253ACP,Obra Media,944.57,-58.4215729160779,-34.6298488565828
9665735/18,2019-07-25,MAZA,2278,2278/80,2,32,28,22B,Boedo,5,C1240ADV,Micro Obra,,-58.4131501631271,-34.6379633361965
20488720/18,2019-08-14,MUÑIZ,1987,1987/89,1,38,135,024a,Boedo,5,C1255ACP,Obra Menor,460.58,-58.423135835441705,-34.637655100534
27486685/18,2019-06-14,INDEPENDENCIA AV.,4368,4368,6,36,9,6,Boedo,5,C1226AAV,Micro Obra,21.35,-58.42718759734839,-34.62225138519911
21649882/19,2019-09-20,COCHABAMBA,4202,4202/20,6,36,19,1a,Boedo,5,C1252ABX,Obra Menor,393.46,-58.4239504802907,-34.6279959322308
24672628/19,2019-08-27,CASTRO BARROS,1401,1401/07,6,36,66,1c,Boedo,5,C1237ABG,Micro Obra,,-58.41819665859921,-34.6293007371373
35151049/18,2019-09-30,CASTRO,924,924/26,6,36,93,14,Boedo,5,C1217AAJ,Obra Media,1406.75,-58.420155595417995,-34.6233422660559
15243935/19,2019-07-10,BOEDO AV.,1893,1893/97,1,38,210,32,Boedo,5,C1239AAI,Obra Mayor,226.76,-58.4164202079656,-34.636004134181
29929280/18,2019-06-27,BOEDO AV.,1630,1630/40,2,32,37,15A,Boedo,5,C1239AAT,Obra Mayor,4875.39,-58.415695964316996,-34.6331918265278
11413294/19,2019-07-10,ALZAGA,2063,2063/65,2,32,31,36,Boedo,5,C1240AAA,Obra Mayor,121.15,-58.415042101530105,-34.6359474348923
35480268/18,2019-08-12,TREINTA Y TRES ORIENTALES,2155,2155/57,1,38,162,14,Boedo,5,C1257ACW,Obra Menor,125.84,-58.420418516400794,-34.6380713514303
14140746/19,2019-07-18,TREINTA Y TRES ORIENTALES,1910,1910,1,38,180,19,Boedo,5,C1257ACT,Obra Mayor,333.06,-58.420651228862106,-34.6359862808517
25629276/18,2019-06-06,ROJAS,482,482,7,45,19,38,Caballito,6,C1405ABF,Obra Media,1206.95,-58.443835837059005,-34.6154075214996
31267180/18,2019-06-25,THORNE,478,478/80,5,42,38,12,Caballito,6,C1406CYD,Obra Media,1224.73,-58.4504414649502,-34.630054910422004
25893071/18,2019-07-12,RIVADAVIA AV.,6126,6126/28,5,42,42,5,Caballito,6,C1406GLR,Obra Mayor,4440.97,-58.4523681614066,-34.6253929955227
33936408/18,2019-08-08,RIO DE JANEIRO,844,844/66,7,45,154,33a,Caballito,6,C1405CCN,Obra Mayor,10515.23,-58.4314631582326,-34.6056651859236
18804725/18,2019-08-20,RIO DE JANEIRO,746,746/60,7,45,153,34a,Caballito,6,C1405CCL,Obra Mayor,5089.12,-58.4310545835164,-34.6066957263843
30416615/18,2019-08-06,RIGLOS,516,516/22,6,40,70,16,Caballito,6,C1424AFL,Obra Media,2163.05,-58.4360073618202,-34.6248269282226
34248056/18,2019-08-21,PLANES,1183,1183/85,5,57,108,22,Caballito,6,C1405DBK,Obra Menor,181.76,-58.450742238254996,-34.6124460921974
3126536/17,2019-07-11,"GOYENA, PEDRO AV.",1311,1311/15,5,42,74,23,Caballito,6,C1406GWC,Obra Mayor,192.63,-58.4459024697731,-34.6269955896773
4606419/19,2019-08-08,MORELOS,444,444/46,5,57,42,26a,Caballito,6,C1406BQF,Micro Obra,,-58.455510831782505,-34.6204297008279
24422170/18,2019-07-15,MENDEZ DE ANDES,1128,1128/32,5,57,85,5,Caballito,6,C1405CVP,Obra Mayor,1036.64,-58.450377728121005,-34.616646346654804
31370337/18,2019-06-13,"MARECHAL, LEOPOLDO",862,862/86,7,45,99,33a,Caballito,6,C1405BMB,Obra Mayor,8296,-58.437891117926206,-34.6081410122676
4878441/16,2019-09-27,"MORENO, JOSE MARIA AV.",513,513/15,6,40,70,55,Caballito,6,C1424AAF,Obra Menor,295.54,-58.4347156067702,-34.624749718899395
8055319/18,2019-08-27,"ALBERDI, JUAN BAUTISTA AV.",833,833/35,6,40,38,35b,Caballito,6,C1424BYI,Micro Obra,,-58.43954204291121,-34.6226080946351
32777687/18,2019-09-27,HIDALGO,378,378/80,7,45,52,21,Caballito,6,C1405BCD,Obra Media,2399.78,-58.4397923451892,-34.6150039077786
28124468/19,2019-09-26,FRANKLIN,957,957/59,5,57,123,30,Caballito,6,C1405DEK,Obra Menor,417.47,-58.447597816927995,-34.6099294330476
19996599/19,2019-08-23,"VALLESE, FELIPE",820,820,7,45,23,2a,Caballito,6,C1405CWL,Obra Media,1409.87,-58.445032229835206,-34.6131946091623
28301879/18,2019-08-27,DIRECTORIO AV.,777,777/81,6,40,31,16,Caballito,6,C1424CIH,Obra Media,2207.11,-58.4382633473299,-34.6286690432789
15469399/19,2019-08-13,DIRECTORIO AV.,1621,1621/23,5,42,38,17,Caballito,6,C1406GZF,Micro Obra,,-58.4499681128401,-34.6300739183422
25757975/19,2019-09-20,DIRECTORIO AV.,1005,1005/09,6,40,13,8,Caballito,6,C1424CIK,Micro Obra,,-58.441899781036504,-34.6289753798836
33960391/18,2019-08-28,DIAZ VELEZ AV.,4916,4916/20,7,45,107,2,Caballito,6,C1405DCR,Obra Media,1103.76,-58.436346701249796,-34.6090206082509
27662558/18,2019-07-15,AVELLANEDA,438,438/40,7,45,95,7,Caballito,6,C1405CNR,Obra Mayor,1251.52,-58.4367971647465,-34.6138618095471
18568841/19,2019-09-20,"GALLARDO, ANGEL AV.",806,806,15,93,40,16,Caballito,6,C1405DJV,Obra Menor,276.11,-58.441772131940695,-34.6064567419253
12109034/19,2019-06-05,"ARANGUREN, JUAN F., DR.",1061,1061/65,5,57,103,21,Caballito,6,C1405CRU,Micro Obra,,-58.447946156420706,-34.616593887918
16152564/19,2019-07-01,"ARANGUREN, JUAN F., DR.",1096,1096,5,57,102,15B,Caballito,6,C1405CRV,Obra Mayor,96.45,-58.448310841688794,-34.6170915131209
33358940/18,2019-07-31,BACACAY,877,877,7,45,30,22,Caballito,6,C1405CFD,Obra Mayor,1372.55,-58.4420963365955,-34.6179344511907
23335955/19,2019-08-29,BERTRES,589,589,6,40,25B,28,Caballito,6,C1424AKG,Micro Obra,,-58.438419806494295,-34.6257928917288
20079140/19,2019-07-29,CURAPALIGUE,186,186,5,42,41,22,Caballito,6,C1406DAO,Obra Mayor,221.93,-58.452843992580604,-34.6274996214565
20079140/19,2019-09-17,CURAPALIGUE,186,186,5,42,41,22,Caballito,6,C1406DAO,Obra Menor,221.93,-58.452843992580604,-34.6274996214565
18757233/19,2019-08-30,"ALVAREZ, DONATO, TTE. GRAL.",715,715,5,57,45,23B,Caballito,6,C1406BOF,Micro Obra,,-58.457666811212995,-34.6172505733709
18757233/19,2019-09-20,"ALVAREZ, DONATO, TTE. GRAL.",715,715,5,57,45,23B,Caballito,6,C1406BOF,Micro Obra,,-58.457666811212995,-34.6172505733709
27164341/18,2019-06-25,"MITRE, EMILIO",301,301,5,42,87A,1,Caballito,6,C1424AYG,Micro Obra,,-58.443493595060794,-34.6253841280755
15242365/17,2019-09-27,"MACIEL, FRANCISCO A.",843,843,7,45,48B,12,Caballito,6,C1405AUA,Obra Menor,256.08,-58.444413144531495,-34.6109522550272
30100346/18,2019-06-28,"VALLESE, FELIPE",1375,1375,5,57,71,19,Caballito,6,C1405CWU,Obra Menor,276.12,-58.4540499120922,-34.6161293796308
15363898/18,2019-06-07,"VALLESE, FELIPE",829,829,7,45,24,31,Caballito,6,C1405CWK,Obra Media,858.65,-58.4453499964392,-34.6128320726284
34982933/18,2019-06-07,FORMOSA,86,86,6,40,143,42,Caballito,6,C1424BZB,Obra Menor,96.71,-58.429171572932,-34.6209269698972
26068819/18,2019-07-11,"ARAOZ ALFARO, GREGORIO, DR",329,329,7,45,94,28a,Caballito,6,C1405CIC,Obra Mayor,1778.27,-58.4357346860274,-34.6151822126958
13477503/18,2019-06-06,GAONA AV.,1973,1973/89,15,59,125,22a,Caballito,6,C1416DRH,Micro Obra,,-58.455728051995706,-34.612119287389305
14046980/17,2019-08-28,"BONIFACIO, JOSE",1460,1460,5,42,63,43,Caballito,6,C1406GXH,Obra Media,1522.93,-58.447411554136494,-34.6289657205439
10872986/17,2019-07-10,"BONIFACIO, JOSE",1502,1502,5,42,58,1C/1F,Caballito,6,C1406GXJ,Obra Mayor,1292.57,-58.4480637189324,-34.6290066582528
28640509/17,2019-08-29,"BONIFACIO, JOSE",1664,1664,5,42,31,3,Caballito,6,C1406GXL,Micro Obra,,-58.4513413600418,-34.629591441756894
13835498/18,2019-07-24,"BONIFACIO, JOSE",880,880,6,40,30,11,Caballito,6,C1424CHR,Obra Mayor,1140.17,-58.4398850137549,-34.6277793197016
9430251/18,2019-06-06,"GOYENA, PEDRO AV.",1631,1631/37,5,42,40,23a,Caballito,6,C1406GWF,Obra Mayor,6727.78,-58.4511656779184,-34.627946295032395
34359473/18,2019-06-10,PAYSANDU,651,651,5,57,95,13a,Caballito,6,C1405ANE,Micro Obra,17.93,-58.4506340269371,-34.6155756861668
13655889/19,2019-07-10,RAMOS MEJIA,729,729,7,45,153,21,Caballito,6,C1405CAC,Micro Obra,,-58.4315691255025,-34.6071288528716
24900499/19,2019-09-16,RAMOS MEJIA,627,627,7,45,152,11,Caballito,6,C1405CAA,Micro Obra,,-58.431082106526496,-34.6076324713874
8943078/17,2019-08-28,RIGLOS,434,434,6,40,71,14,Caballito,6,C1424AFJ,Micro Obra,,-58.4360235026134,-34.623823895642
8719404/19,2019-06-27,"MARTINEZ, VICTOR",263,263,5,42,89,24A,Caballito,6,C1406CDE,Obra Mayor,3271.37,-58.4449143904183,-34.6248988328191
33561105/18,2019-09-24,"GARCIA, TEODORO",3724,3724/26,17,37,5,2,Chacarita,15,C1427ECF,Obra Media,992.56,-58.453404600880205,-34.5824871009659
29199341/17,2019-09-30,"NEWBERY, JORGE AV.",3764,3764/70,17,33,38,17,Chacarita,15,C1427EGQ,Obra Media,986.26,-58.44944158711721,-34.585686352015
30958421/18,2019-07-18,"NEWBERY, JORGE AV.",3431,3431/61,17,33,76,11/12/21,Chacarita,15,C1427EGA,Obra Mayor,7659.94,-58.44858631903279,-34.5818517029328
15827975/17,2019-07-19,"ARENAL, CONCEPCION",4778,4778/80,15,47,58,8,Chacarita,15,C1427ELB,Obra Mayor,308.83,-58.45593291047271,-34.5962699309474
27574680/19,2019-09-25,CHARLONE,169,169/75,17,33,61,22,Chacarita,15,C1427BXC,Obra Menor,243.32,-58.447668851460506,-34.584267483607896
21754760/19,2019-07-25,CASTILLO,1659,1659/67,17,33,58,22/23,Chacarita,15,C1414AXI,Obra Mayor,840.64,-58.443692093532704,-34.586313196075395
15598448/19,2019-07-11,"ARENAL, CONCEPCION",3560,3560,17,33,60,20,Chacarita,15,C1427EKD,Obra Mayor,400.7,-58.446407831586896,-34.584513213533505
33361366/18,2019-06-06,CHARLONE,8,8/10,17,33,48,2,Chacarita,15,C1427BXB,Obra Menor,170.85,-58.4454147989759,-34.5856301298095
8485678/18,2019-08-07,GUEVARA,1080,1080,15,49,158c,1,Chacarita,15,C1427BSB,Micro Obra,,-58.4590031421424,-34.5841351026901
35485308/18,2019-07-24,GUEVARA,1119,1119,15,49,159,18,Chacarita,15,C1427BSC,Obra Mayor,396.65,-58.4595264704725,-34.5838251813492
5123815/18,2019-08-22,GUEVARA,1190,1190,15,49,158E,1,Chacarita,15,C1427BSD,Micro Obra,,-58.4604004744666,-34.5840510950485
20796586/19,2019-07-23,"FREIRE, RAMON, CAP. GRAL.",2660,2660/76,16,41,59,36,Coghlan,12,C1428CZN,Obra Mayor,19.58,-58.4690049022788,-34.5616963737782
10993564/17,2019-07-29,QUESADA,3153,3153/55,16,41,77,19,Coghlan,12,C1429COY,Obra Mayor,747.86,-58.4707109021095,-34.5580133364575
17278875/17,2019-09-23,NUÑEZ,3422,3422/40,16,41,56,2a,Coghlan,12,C1429BXB,Obra Mayor,2784.04,-58.4762082891305,-34.555318933501894
35316430/19,2019-09-11,CONDE,2850,2850/76,16,41,49,29c,Coghlan,12,C1428DBN,Micro Obra,,-58.471518603323204,-34.560717956884
23719993/17,2019-06-05,NUÑEZ,3462,3462/64,16,41,56,6,Coghlan,12,C1429BXB,Micro Obra,,-58.476620512426,-34.5554536223635
27700586/18,2019-06-07,QUESADA,3810,3810/50,16,53,139,1c,Coghlan,12,C1430AXL,Obra Mayor,29326.25,-58.4775113525126,-34.5619115419668
26482816/17,2019-06-10,QUESADA,3921,3921/25,76,53,130A,9,Coghlan,12,C1430AXM,Obra Media,751.91,-58.4787887093812,-34.5623504104384
32784327/18,2019-07-11,"GARCIA, TEODORO",3333,3333/35,17,37,34,32,Colegiales,13,C1426DNK,Obra Mayor,897.49,-58.4513474352839,-34.578758329818605
17941843/18,2019-09-30,"FREIRE, RAMON, CAP. GRAL.",1042,1042/46,17,37,73,6,Colegiales,13,C1426AVV,Obra Media,1192.66,-58.4534918255175,-34.5752438526317
32884643/18,2019-06-28,PALPA,3338,3338/40,5,37,34,13,Colegiales,13,C1426DPL,Obra Media,897.25,-58.4519917093972,-34.5785491675342
10552104/19,2019-08-08,MOLDES,691,691/93,17,37,127,7,Colegiales,13,C1426ALA,Obra Media,1406.5,-58.44734281503101,-34.5723712601761
9039802/19,2019-08-26,"OLAGUER Y FELIU, VIRREY",2855,2855/59,17,37,114,13,Colegiales,13,C1426ECA,Obra Menor,129.32,-58.455370521890494,-34.5708047410258
32241828/18,2019-07-23,"ARREDONDO, VIRREY",2652,2652/62,17,37,133,04B-5A,Colegiales,13,C1426DZJ,Obra Mayor,3325.78,-58.4524089717194,-34.5693816646171
11255081/19,2019-09-11,"MARTINEZ, ENRIQUE, GRAL.",525,525/35,17,33,100,20,Colegiales,13,C1426BBG,Obra Menor,111.23,-58.449254943408604,-34.5790252344148
23798218/19,2019-09-16,DELGADO,842,842/52,17,37,24,9,Colegiales,13,C1426BDL,Obra Menor,363,-58.453550151804706,-34.578773790464695
20867697/19,2019-08-27,ZAPATA,431,431/35,17,35,109,21,Colegiales,13,C1426AEG,Micro Obra,14.23,-58.4418769652188,-34.572587234641
32665832/18,2019-07-29,AMENABAR,1376,1376/80,17,37,133,24,Colegiales,13,C1426AJX,Obra Mayor,1101.48,-58.4522291210462,-34.5692293587732
32930718/18,2019-07-18,"MATIENZO, BENJAMIN, TENIENTE",3132,3132,17,35,9A,2,Colegiales,13,C1426DBH,Obra Mayor,88.36,-58.4456610789888,-34.5790603025992
32763060/18,2019-07-19,CRAMER,1582,1582,17,37,114,21,Colegiales,13,C1426AOH,Obra Mayor,191.73,-58.4559557008415,-34.5704700312978
35315717/18,2019-06-27,"LACROZE, FEDERICO AV.",2814,2814,17,35,56,9,Colegiales,13,C1426CQO,Obra Media,1554.2,-58.4470240338054,-34.5738857726535
5612645/19,2019-06-18,OLLEROS,2964,2964,17,35,41,14,Colegiales,13,C1426CSF,Obra Menor,90.26,-58.4469237156781,-34.5760843427913
31413735/18,2019-08-13,SAN JOSE,1035,1035,12,14,32,34,Constitucion,1,C1076AAU,Obra Menor,181.29,-58.386085351726294,-34.620289149090006
33407269/18,2019-08-27,TACUARI,1051,1051/53,12,14,72,32,Constitucion,1,C1071AAU,Obra Menor,95.46,-58.378841349359206,-34.6202748066659
19959048/19,2019-07-29,"SAENZ PEÑA, LUIS, PRES.",1055,1055/69,12,14,23,40,Constitucion,1,C1110AAT,Obra Mayor,823.04,-58.38768508926471,-34.6207342465915
19196816/19,2019-07-31,ESTADOS UNIDOS,1184,1184,12,14,57,12,Constitucion,1,C1101AAX,Micro Obra,,-58.382710378809,-34.6187055914053
11550052/19,2019-06-13,PIEDRAS,1391,1391,12,4,1,7f,Constitucion,1,C1140ABC,Obra Media,1758.05,-58.376993837276004,-34.6248981452287
31384713/18,2019-09-24,SAN PEDRITO AV.,363,363/67,5,48,34,37,Flores,7,C1406EXD,Obra Mayor,3362.27,-58.468079188755,-34.635162095739396
24946683/19,2019-08-28,RIVERA INDARTE AV.,181,181/83,5,48,108,3,Flores,7,C1406DXC,Micro Obra,,-58.4619749698762,-34.6310320255513
20399430/18,2019-06-13,PUMACAHUA,270,270/72,5,42,18,9H,Flores,7,C1406DCF,Obra Media,1722.52,-58.4537028743252,-34.6294511315659
17569840/19,2019-06-28,PEDERNERA,289,289/95,5,48,97,025A,Flores,7,C1406EEE,Obra Menor,39.33,-58.4628884333776,-34.6327067557002
35455598/18,2019-08-15,NEUQUEN,2181,2181/83,5,65,118,26,Flores,7,C1406FOM,Obra Media,906.46,-58.46389378176271,-34.617429210655104
31575756/18,2019-08-15,NAZCA AV.,640,640/42,5,65,26,37,Flores,7,C1406AJS,Obra Media,1315.01,-58.4727156378594,-34.624911373867505
31810262/18,2019-07-11,CARACAS,953,953/59,5,65,107,25,Flores,7,C1406AZQ,Obra Mayor,561.4,-58.4652915745757,-34.6187393558858
21488281/18,2019-07-25,CARABOBO AV.,130,130/34,5,42,9,14,Flores,7,C1406DGO,Obra Mayor,2457.43,-58.45558457323529,-34.6283612766896
26868655/18,2019-07-15,BOYACA,602,602/14,5,65,125,024/025,Flores,7,C1406BHL,Obra Mayor,4468.82,-58.4612641482409,-34.6204216515335
13151328/17,2019-07-15,BOYACA AV.,542,542/44,5,65,124,29,Flores,7,C1406BHJ,Obra Mayor,219.86,-58.461075629955594,-34.621049137012
23548372/19,2019-08-08,BOYACA AV.,286,286/88,5,65,129,12,Flores,7,C1406BHD,Obra Menor,39.13,-58.4589860099298,-34.6238375958377
19965439/19,2019-08-14,ESTADO PLURINACIONAL DE BOLIVIA,805,805/07,5,65,68,18,Flores,7,C1406ADO,Obra Menor,487.28,-58.4688556692831,-34.621743844890105
24533360/18,2019-07-29,ARGERICH,731,731/35,5,65,27,15,Flores,7,C1406AMK,Obra Mayor,2117.14,-58.474081357431096,-34.6241258660074
34792999/18,2019-08-28,YERBAL,2109,2109/31,5,65,110B,9C,Flores,7,C1406GJW,Obra Mayor,3222.41,-58.4597029427961,-34.626356295573395
11965102/19,2019-08-26,ARGERICH,235,235,5,65,22,10d,Flores,7,C1406AMA,Obra Menor,271.87,-58.471868260665104,-34.6291653447335
17712821/19,2019-07-31,BACACAY,2885,2885,5,65,33,014b,Flores,7,C1406GDY,Obra Mayor,238.73,-58.4704017237995,-34.6282394116223
2869892/18,2019-07-12,BOYACA,693,693,5,57,7,13b,Flores,7,C1406BHK,Obra Mayor,2131.39,-58.4613747586903,-34.6194625791457
32669307/18,2019-08-02,CALCENA,278,278,5,57,19,1e,Flores,7,C1406BLD,Obra Media,570.07,-58.4569410164763,-34.623166696677195
22184176/18,2019-07-29,GAVILAN,651,651,5,65,114,11,Flores,7,C1406BBI,Obra Mayor,1288.78,-58.462732495900894,-34.6217642239998
22447894/18,2019-06-05,GRANADEROS,634,634,5,65,115,28,Flores,7,C1406BDL,Obra Media,1750.64,-58.46272573853479,-34.6206558450737
33442784/18,2019-06-27,HELGUERA,185,185,5,65,12,12,Flores,7,C1406APA,Obra Media,799.1,-58.4731364091274,-34.629328678162196
18903619/19,2019-07-10,"BONIFACIO, JOSE",2456,2456,5,48,106,7,Flores,7,C1406GYB,Obra Mayor,30.03,-58.461982814352105,-34.6329012254999
22058588/18,2019-06-07,NEUQUEN,1840,1840/46,5,57,32,4A,Flores,7,C1406FOH,Micro Obra,18.89,-58.4589827687335,-34.6162862053928
31566307/18,2019-06-07,PAEZ,3137,3137/39,5,65,9,20,Flores,7,C1406FRC,Obra Media,1372.53,-58.4768574954214,-34.6227995623433
25406444/19,2019-09-24,PILLADO,1115,1115,5,48,54,1e,Flores,7,C1406EVI,Obra Menor,233.46,-58.459136029138406,-34.6418454636682
25735137/19,2019-09-20,PUMACAHUA,220,220,5,42,18,9e,Flores,7,C1406DCF,Obra Media,1217.65,-58.4537886619579,-34.629228414903004
23555492/18,2019-07-18,QUIRNO,275,275,5,48,22,34,Flores,7,C1406EZE,Obra Mayor,1045.8,-58.46987884057611,-34.6346609613963
20374539/18,2019-07-05,TANDIL,3138,3138,5,48,7,10,Flores,7,C1406HBN,Obra Mayor,1135.9,-58.4701001011925,-34.637903027270106
15347842/17,2019-07-12,YERBAL,1870,1870,5,57,1,5,Flores,7,C1406GJR,Micro Obra,,-58.456888007101895,-34.62557926604
18746477/19,2019-07-18,RIVADAVIA AV.,8224,8224/28,1,54,158,4,Floresta,10,C1407DYR,Obra Mayor,101.07,-58.479163714586605,-34.6335881120314
13671225/19,2019-08-07,PERGAMINO,336,336/38,1,54,203,11,Floresta,10,C1406FHH,Obra Menor,128.1,-58.47240877714479,-34.6363172818048
33673752/18,2019-06-11,HAITI,3962,3962/66,15,79,040A,,Floresta,10,C1407FKB,Obra Menor,159,-58.488942636419104,-34.6235627525925
27336480/19,2019-09-24,"LAMARCA, EMILIO",612,612/14,1,77,128,19C,Floresta,10,C1407DFN,Obra Menor,365.41,-58.479993636891095,-34.6259476379768
24907358/19,2019-08-26,CHIVILCOY,1420,1420/22,15,83,70,10g,Floresta,10,C1407AFB,Micro Obra,25.86,-58.4915855994578,-34.6207196438858
33956746/18,2019-09-25,BACACAY,3321,3321/23,1,77,140,24,Floresta,10,C1407EDA,Obra Menor,52.95,-58.4760774073065,-34.6296871230854
34738223/18,2019-07-12,BACACAY,3475,3475,1,77,132,19,Floresta,10,C1407EDC,Obra Mayor,279.8,-58.477546189331896,-34.630008829833606
22989191/18,2019-06-27,ENSENADA,96,96,1,54,164,16,Floresta,10,C1407KEB,Obra Media,936.07,-58.4781572215446,-34.634265796080896
5010068/19,2019-06-06,URUNDAY,1312,1312,15,79,5D,19C,Floresta,10,C1407DKD,Micro Obra,18.36,-58.4938691289536,-34.6244409519312
13698941/19,2019-08-07,"SCHMIDL, ULRICO",5956,5956/58,1,60,006A,6,Liniers,9,C1440CFR,Obra Menor,426.51,-58.507181449000996,-34.6466272382576
33873635/18,2019-09-27,RIVADAVIA AV.,11674,11674/78,1,72,16,9,Liniers,9,C1408ABQ,Obra Menor,449.75,-58.5286518303127,-34.6396054022264
17846770/19,2019-07-31,RIVADAVIA AV.,10581,10581/99,1,95,33,18a,Liniers,9,C1408AAF,Micro Obra,,-58.5128387270432,-34.6390602031928
23037762/19,2019-09-17,MURGUIONDO,930,930/32,1,74,126,18,Liniers,9,C1408GYT,Micro Obra,,-58.5123330398802,-34.647807201376
24466841/19,2019-08-29,"LEGUIZAMON, MARTINIANO",7,7/13,1,72,115001,,Liniers,9,C1408GVA,Micro Obra,,-58.519869419742406,-34.639230902715894
17423426/16,2019-07-11,MURGUIONDO,151,151/55,1,72,123,26,Liniers,9,C1408GYC,Obra Mayor,1460.56,-58.5186258641418,-34.6409431410096
35443494/18,2019-08-29,MURGUIONDO,646,646/48,1,72,126,24,Liniers,9,C1408GYN,Obra Menor,95.61,-58.515972769699495,-34.6453564099852
23037762/19,2019-08-16,MURGUIONDO,930,930/32,1,74,126,18,Liniers,9,C1408GYT,Obra Mayor,3504.58,-58.5123330398802,-34.647807201376
18964098/19,2019-09-20,"SUAREZ, JOSE LEON",52,52/64,1,72,40B,4f,Liniers,9,C1408FNB,Obra Mayor,4915.82,-58.5269174158537,-34.6397827209978
19681590/19,2019-09-10,ACASSUSO,6795,6795,1,74,82,32,Liniers,9,C1408FEI,Obra Menor,488.59,-58.51648096061871,-34.6509005988736
20436617/19,2019-08-06,"GRANADA, NICOLAS, CORONEL",780,780,1,72,9A,12,Liniers,9,C1408FLB,Obra Menor,210.08,-58.5277051168771,-34.6474123450105
15480721/19,2019-06-18,"DE LA TORRE, LISANDRO",104,104,1,72,114,11B,Liniers,9,C1408GTD,Micro Obra,,-58.5210751000331,-34.6404356525592
30299749/17,2019-07-18,"DE LA TORRE, LISANDRO",309,309,1,72,96A,20,Liniers,9,C1408GTG,Obra Mayor,1133.74,-58.521005608341895,-34.6428447792658
35485389/18,2019-09-26,"LEGUIZAMON, MARTINIANO",632,632,1,72,118,25,Liniers,9,C1408GWN,Obra Menor,71.02,-58.5180359921128,-34.645103084590694
19160542/18,2019-06-26,PALMAR,6482,6482,1,72,130,7,Liniers,9,C1408EEB,Obra Menor,51.49,-58.517900910066004,-34.6435454007625
33870891/18,2019-06-27,"BOSCH, VENTURA",7053,7053,1,72,055B,24,Liniers,9,C1408ECO,Obra Menor,130.91,-58.525441985953705,-34.6425377117262
14552612/19,2019-08-23,TAPALQUE,6423,6423/25,1,76,140,13,Mataderos,9,C1440AFE,Obra Menor,93.2,-58.50548340611179,-34.6573976954676
12569433/18,2019-09-24,PIERES,1285,1285/89,1,74,128,25b,Mataderos,9,C1440CSI,Obra Media,1812.4,-58.5036106304344,-34.6520948455045
6626627/19,2019-08-20,GUARDIA NACIONAL,2154,2154/56,1,62,126,19,Mataderos,9,C1440DUJ,Obra Menor,254.07,-58.4816129442006,-34.6568019408699
30379188/18,2019-07-29,FONROUGE,2274,2274/76,1,62,30,19a,Mataderos,9,C1440CZD,Obra Mayor,859.99,-58.4903928206265,-34.6587156539166
29612814/17,2019-07-24,"PERON, EVA AV.",5801,5801/05,1,62,1,35a,Mataderos,9,C1439BSJ,Obra Mayor,628.44,-58.4875618281054,-34.6626745464052
33031856/18,2019-06-27,BRAGADO,6872,6872/76,1,76,96,7,Mataderos,9,C1440ADN,Obra Media,698.58,-58.5096511155086,-34.659429838131196
13934225/17,2019-06-14,ZELADA,6507,6507/09,1,74,95,32,Mataderos,9,C1440BXC,Obra Menor,95.92,-58.5100811896815,-34.6527351270529
24530450/18,2019-09-30,ANDALGALA,1850,1850/52,1,74,48,16,Mataderos,9,C1440ENL,Obra Media,1012.4,-58.5119526228061,-34.6576761408599
14647287/17,2019-08-27,ANDALGALA,1845,1845,1,74,39B,6,Mataderos,9,C1440ENK,Micro Obra,,-58.51240856051471,-34.6580966597456
16873637/19,2019-06-27,CAÑADA DE GOMEZ,1317,1317,21,74,062A,014A,Mataderos,9,C1408GNL,Obra Menor,195.78,-58.5157783474642,-34.6527267992028
12135225/16,2019-06-05,CORVALAN,1947,1947,1,62,72,33,Mataderos,9,C1440DJE,Obra Menor,345.95,-58.4878817492786,-34.65618785493211
20351494/18,2019-09-16,"SUAREZ, JOSE LEON",2171,2171,1,76,30,6,Mataderos,9,C1440EYM,Obra Media,622.94,-58.5144478385833,-34.662144070245105
16153946/19,2019-07-15,SALADILLO,3005,3005,17,76,9,39,Mataderos,9,C1440FGI,Obra Mayor,239.89,-58.504269267755795,-34.6709918939235
12602029/19,2019-08-13,ZELADA,6375,6375,1,74,113,30,Mataderos,9,C1440BWY,Obra Media,671.34,-58.5090346252112,-34.6517235059686
16134313/19,2019-07-25,ZELADA,7085,7085,1,74,50,,Mataderos,9,C1440BXM,Obra Mayor,131.97,-58.5137332911996,-34.656273610373894
35464553/18,2019-06-14,ZELADA,7160,7160,1,74,40,17,Mataderos,9,C1440BXP,Obra Menor,379.91,-58.514060041135394,-34.6571524168871
35316670/18,2019-07-19,"GARCIA GRANDE DE ZEQUEIRA, SEVERO",5565,5565,1,60,57,19,Mataderos,9,C1440BTE,Obra Mayor,761.42,-58.5012603990164,-34.6461092896785
32763340/18,2019-07-19,"CEVALLOS, VIRREY",341,341/57,13,12,13,5c,Monserrat,1,C1077AAG,Obra Mayor,8273.53,-58.3893418125265,-34.6130379684438
18469335/19,2019-08-15,TACUARI,589,589/91,13,12,72,28,Monserrat,1,C1071AAK,Obra Media,500.13,-58.3791101509566,-34.6150300793225
30016639/17,2019-06-12,LIMA,221,221/39,13,12,55,35,Monserrat,1,C1073AAE,Obra Menor,165.46,-58.3821200105798,-34.6112140070676
35444675/18,2019-07-29,MORENO,550,550/72,13,2,32,8a,Monserrat,1,C1091AAL,Obra Mayor,84.38,-58.374085738149006,-34.6118779272941
18863919/18,2019-06-13,MEXICO,99,99,13,2,74,0,Monserrat,1,C1097AAA,Obra Mayor,81124.63,-58.3676590052559,-34.614635121100804
16661981/17,2019-09-16,REPUBLICA BOLIVARIANA DE VENEZUELA,1146,1146,13,12,52,5,Monserrat,1,C1095AAX,Micro Obra,,-58.3823453770767,-34.6146019820429
7793615/18,2019-06-13,REPUBLICA BOLIVARIANA DE VENEZUELA,1267,1267,13,12,44,29,Monserrat,1,C1095AAY,Obra Media,546.54,-58.384055945959204,-34.6141390351052
17378521/19,2019-07-03,CERVANTES,1654,1654,15,85,24,49,Monte Castro,10,C1407BHD,Obra Mayor,30.19,-58.5065784173824,-34.6242981350723
34193835/18,2019-06-28,TREJO NEMESIO,5037,5037/37A,15,85,38D,16,Monte Castro,10,C1407GHA,Obra Media,943.11,-58.5067737633372,-34.6221355924433
17559148/19,2019-09-27,LASCANO,5110,5110/12,15,87,15a,14,Monte Castro,10,C1417HAF,Micro Obra,6.12,-58.5102118729212,-34.621462661631696
11900486/19,2019-08-07,LOPE DE VEGA AV.,1869,1869/73,15,81,002B,023A,Monte Castro,10,C1417COB,Obra Menor,410.22,-58.5133059177706,-34.6226711087396
19297256/19,2019-09-23,CERVANTES,2030,2030/34,15,87,016A,005A,Monte Castro,10,C1417CBD,Obra Media,1669.2,-58.51052655553921,-34.620849748457104
28214210/17,2019-08-16,ARREGUI,4445,4445,15,81,3A,31,Monte Castro,10,C1417GNQ,Obra Media,994.52,-58.5035541130013,-34.6153811538738
27166913/18,2019-08-28,RENQUE CURA,1861,1861,15,85,039A,12,Monte Castro,10,C1407CME,Obra Media,739.32,-58.507871317098896,-34.6215495165801
15447882/19,2019-09-23,SANTO TOME,4247,4247,15,81,30,33,Monte Castro,10,C1417GGM,Obra Media,1176,-58.502301471840894,-34.6132510475934
1743777/16,2019-08-21,TABARE,1566,1566/70,1,46,150,19,Nueva Pompeya,4,C1437FHL,Obra Menor,150.65,-58.4256478948984,-34.652825577817694
2047745/19,2019-08-20,SANTO DOMINGO,4389,4389,2,34,39B,17,Nueva Pompeya,4,C1437IDK,Obra Menor,141.18,-58.4093394775513,-34.6573678660217
5695633/19,2019-09-10,LA PLATA AV.,2854,2854/56,1,38,171,5A,Nueva Pompeya,4,C1437DHT,Obra Menor,214.85,-58.4180401929686,-34.6474809563856
9872967/17,2019-07-12,IGUAZU,1837,1837,2,34,84a,0,Nueva Pompeya,4,C1437EUS,Micro Obra,,-58.401820819051295,-34.6582438964832
20578816/19,2019-09-30,VEDIA,2214,2214,16,29,25,2,Nuñez,13,C1429EJL,Obra Menor,236.25,-58.4729086464828,-34.5391302430238
32107508/18,2019-06-13,O'HIGGINS,2857,2857/61,16,27,48B,1,Nuñez,13,C1429BBA,Obra Menor,107.45,-58.4589351578432,-34.5527676994365
17489615/19,2019-08-16,MOLDES,2981,2981/83,16,41,134,10/11,Nuñez,13,C1429AFA,Micro Obra,,-58.46570748480121,-34.556027516018894
32523530/18,2019-07-31,CONESA,2930,2930/32,16,41,90,1c,Nuñez,13,C1429ALB,Obra Mayor,391.82,-58.468670622100106,-34.558179612908305
10467875/18,2019-09-20,CABILDO AV.,4801,4801/61,16,29,12,4,Nuñez,13,C1429ABG,Obra Menor,469.26,-58.47429069654321,-34.540618994696395
17384109/19,2019-09-20,3 DE FEBRERO,3331,3331,16,27,65,19,Nuñez,13,C1429BFK,Micro Obra,,-58.460687045742795,-34.5480537324883
21201715/19,2019-09-27,11 DE SEPTIEMBRE DE 1888,3201,3201/05,16,27,75,009A,Nuñez,13,C1429BII,Obra Media,790.58,-58.45901470824779,-34.548510792055
23557479/17,2019-08-28,11 DE SEPTIEMBRE DE 1888,3966, 3966/74,16,29,82A,9A,Nuñez,13,C1429BIX,Micro Obra,,-58.4634801887882,-34.543137714777195
35436441/18,2019-09-20,3 DE FEBRERO,3396,3396,16,27,54,7,Nuñez,13,C1429BFL,Obra Menor,401.59,-58.46125701791139,-34.5477980034931
14628816/19,2019-08-23,AMENABAR,3465,3465,16,41,150,9,Nuñez,13,C1429AEK,Obra Menor,38,-58.4689453123368,-34.5513489271338
8083951/19,2019-07-02,ARCOS,3031,3031,16,27,39,17,Nuñez,13,C1429AZE,Obra Menor,35,-58.4617368839538,-34.5516689220894
33204965/18,2019-06-27,ARCOS,3558,3558,16,27,33,28b,Nuñez,13,C1429AZP,Obra Menor,368.06,-58.4650624316117,-34.547917828025696
11436387/19,2019-07-01,ARRIBEÑOS,3007,3007,16,27,84,15,Nuñez,13,C1429BKD,Obra Mayor,190.63,-58.4570702141748,-34.5495320613615
16481924/19,2019-08-12,BESARES,1976,1976,16,29,57B,8,Nuñez,13,C1429DID,Obra Menor,327.05,-58.466439192044895,-34.5431657222043
8431472/19,2019-06-25,CONESA,3555,3555,16,41,107,15,Nuñez,13,C1429ALM,Obra Menor,58.4,-58.47286550355,-34.552430971753395
17216793/19,2019-06-14,DEHEZA,2371,2371,16,29,11,13,Nuñez,13,C1429EAM,Micro Obra,,-58.473376803412,-34.541104653010805
29740678/18,2019-07-18,GUAYRA,1664,1664,16,27,84,6,Nuñez,13,C1429CID,Obra Mayor,684.58,-58.4572082201263,-34.5489694678701
32667111/18,2019-09-30,IBERA,2063,2063,16,27,39,25,Nuñez,13,C1429CMA,Obra Media,708.07,-58.4613225451989,-34.551626928569306
18063688/19,2019-07-18,PAROISSIEN,2287,2287,16,29,17,14,Nuñez,13,C1429CXG,Obra Mayor,974.16,-58.4685440139171,-34.545790007520196
17650608/19,2019-08-20,QUESADA,3088,3088,16,41,90,14,Nuñez,13,C1429COX,Obra Menor,270.6,-58.4697480601765,-34.557963982898194
18104411/18,2019-07-30,THAMES,1343,1343/47,18,31,112,009/010,Palermo,14,C1414DDA,Obra Mayor,2388.6,-58.43363297932779,-34.5900795647974
23821397/19,2019-09-24,THAMES,2251,2251/55,18,19,141,11,Palermo,14,C1425FIE,Obra Menor,281.2,-58.424638828732995,-34.5835622417359
16660193/19,2019-07-15,"GARCIA, TEODORO",2341,2341/43,17,23,29,41,Palermo,14,C1426DMO,Obra Mayor,589.95,-58.4450469880686,-34.5685323028822
20978416/16,2019-08-13,"GARCIA, TEODORO",2259,2259/63,17,23,30,171,Palermo,14,C1426DMM,Micro Obra,,-58.44429407171929,-34.5675962635815
28023457/16,2019-06-18,SOLER,6073,6073/77,17,35,90,20,Palermo,14,C1425BYO,Obra Media,2227.19,-58.4372342314987,-34.5769402157986
32830084/18,2019-08-15,SOLER,3644,3644/50,15,4,3,,Palermo,14,C1425BWJ,Obra Media,1213.14,-58.414957413090704,-34.5937911079293
16944814/17,2019-06-13,"SEGUI, JUAN FRANCISCO",4646,4646/62,18,21,90,28A,Palermo,14,C1425ADF,Obra Menor,341.12,-58.4220252016866,-34.5735979707693
15969107/19,2019-07-31,SANTA FE AV.,3984,3984/88,18,19,170,41,Palermo,14,C1425BHO,Obra Mayor,650.34,-58.4199926357512,-34.5828186109323
9590519/18,2019-08-08,"SCALABRINI ORTIZ, RAUL AV.",1562,1562/64,18,19,48,34,Palermo,14,C1414DOP,Obra Mayor,3010.71,-58.4255795629926,-34.5909460262078
29917317/18,2019-08-29,REPUBLICA ARABE SIRIA,3183,3183/85,18,21,64,12,Palermo,14,C1425EYM,Obra Media,1865.59,-58.41246067193521,-34.5795086407412
26670587/15,2019-09-26,PARAGUAY,4871,4871/99,18,19,145,17d,Palermo,14,C1425BSU,Micro Obra,,-58.427605394439205,-34.581829028052695
30402527/17,2019-08-16,NICARAGUA,5087,5087/89,18,19,95,17,Palermo,14,C1414BVO,Obra Media,882.66,-58.4291410813632,-34.5848887899487
16390475/19,2019-07-30,"VEGA, NICETO, CNEL. AV.",5955,5955/69,17,33,84,20a,Palermo,14,C1414BFK,Obra Mayor,2658,-58.4428969427479,-34.5838438444578
30278601/17,2019-09-20,"VEGA, NICETO, CNEL. AV.",5765,5765/81,17,33,82,29A,Palermo,14,C1414BFG,Micro Obra,,-58.4407853283558,-34.5853495011413
6890830/16,2019-08-27,"BRAVO, MARIO",1302,1302/06,19,15,3,52,Palermo,14,C1175ABZ,Obra Menor,259.03,-58.414993410662,-34.594597873611995
19101539/19,2019-07-18,"CAMPOS, LUIS M. AV.",901,901/87,17,23,87,,Palermo,14,C1426BOH,Obra Mayor,32.84,-58.4372688503632,-34.5675950923405
20249254/19,2019-07-31,"TEDIN, JUEZ",2739,2739/45,19,15,162A,59,Palermo,14,C1425CWA,Obra Mayor,2451.55,-58.3972894174683,-34.5783466243313
13207935/18,2019-06-25,"SALGUERO, JERONIMO",3147,3147/3211,18,21,118,6b,Palermo,14,C1425DFC,Micro Obra,,-58.4039448948191,-34.575833406052396
28394748/19,2019-09-30,"SALGUERO, JERONIMO",1205,1205/09,18,19,5,25,Palermo,14,C1177AEW,Micro Obra,,-58.4186439571222,-34.596425522972496
28394748/19,2019-09-26,"SALGUERO, JERONIMO",1205,1205/09,18,19,5,25,Palermo,14,C1177AEW,Obra Media,2159.63,-58.4186439571222,-34.596425522972496
34980659/18,2019-07-29,FRAY JUSTO SANTAMARIA DE ORO,2466,2466/70,18,19,176,-33,Palermo,14,C1425FOJ,Obra Mayor,994.97,-58.4249711127365,-34.5796598774029
21190277/17,2019-09-16,HUERGO,244,244/46,17,23,70,2,Palermo,14,C1426BQD,Micro Obra,,-58.43135549525471,-34.5734441870026
21910998/19,2019-09-05,HONDURAS,4431,4431/35,18,19,46,24,Palermo,14,C1414BME,Micro Obra,22,-58.4244456480227,-34.5924817684509
18101807/18,2019-07-24,GUATEMALA,5621,5621/29,17,35,100,028/029,Palermo,14,C1425BVI,Obra Mayor,3981.32,-58.43205342494021,-34.5800242154
22386441/18,2019-07-24,GASCON,1279,1279/87,18,19,8,15a,Palermo,14,C1181ACW,Obra Mayor,4473.39,-58.422736550318795,-34.595578392399204
20019069/19,2019-08-28,GODOY CRUZ,2818,2818/22,18,21,28,20,Palermo,14,C1425FQN,Micro Obra,,-58.4243265828817,-34.5773812533655
9548769/18,2019-09-17,FRAY JUSTO SANTAMARIA DE ORO,2795,2795/99,18,21,53,3,Palermo,14,C1425FOO,Obra Media,1814.2,-58.4212195153086,-34.576115656480695
32055579/18,2019-08-20,"LACROZE, FEDERICO AV.",1947,1947/59,17,23,27,18a,Palermo,14,C1426CPE,Obra Mayor,9996.2,-58.441299019055,-34.565718996733
13158408/18,2019-06-14,"SIVORI, EDUARDO",2936,2936/38,19,15,166,20,Palermo,14,C1425DXB,Obra Menor,450.07,-58.4012306101632,-34.5787395214585
21499203/18,2019-06-18,DARREGUEYRA,2317,2317/21,18,19,158,18A,Palermo,14,C1425FLD,Obra Media,1175.23,-58.425079809073104,-34.5818431675971
25229911/19,2019-09-24,CABILDO AV.,701,701/15,17,23,20,21,Palermo,14,C1426AAH,Micro Obra,,-58.44401724703171,-34.5700447786031
34972109/18,2019-06-26,COSTA RICA,4051,4051/53,18,19,74,31,Palermo,14,C1176ADC,Obra Media,1615.9,-58.4198226222309,-34.5912392811639
13075414/19,2019-08-08,ARMENIA,1679,1679/83,18,19,49,14,Palermo,14,C1414DKI,Obra Menor,269.63,-58.4273169351444,-34.5897233318529
27998788/18,2019-08-28,AREVALO,1470,1470/76A,17,33,85,44B,Palermo,14,C1414CQD,Micro Obra,,-58.4430381605464,-34.5827413589148
34848672/18,2019-08-07,ARCE,434,434/60,23,23,82,2A/3,Palermo,14,C1426BSF,Obra Mayor,5099.78,-58.43204334995621,-34.5704299675943
19274889/18,2019-06-06,ANCON,5347,5347/49,17,23,4,18,Palermo,14,C1425BZE,Obra Media,1181.99,-58.433617878793605,-34.574622424149
12120659/19,2019-07-10,"ARGUIBEL, ANDRES",2860,2860,17,23,80,29d,Palermo,14,C1426DKB,Micro Obra,,-58.4300310253232,-34.5720251559492
20105889/19,2019-09-30,CIUDAD DE LA PAZ,16,16,17,35,78,2,Palermo,14,C1426AFB,Obra Menor,311.17,-58.4381451701999,-34.5767382035151
31318002/18,2019-08-27,"CARRANZA, ANGEL JUSTINIANO",1559,1559,17,35,4,15,Palermo,14,C1414COO,Obra Menor,50,-58.4394343015213,-34.5839387326257
7028087/19,2019-06-03,CASTEX,3285,3285/89,18,21,101,12,Palermo,14,C1425CDC,Micro Obra,24.63,-58.4042515594112,-34.5786588434723
22937043/19,2019-09-16,CONVENCION,1944,1944,17,35,35D,14,Palermo,14,C1414CRB,Micro Obra,,-58.4407758488818,-34.5798496403061
32394029/18,2019-07-11,CORDOBA AV.,5877,5877,17,33,70,24,Palermo,14,C1414BBE,Obra Mayor,2031.9,-58.44298365198001,-34.5854097275284
13659133/18,2019-06-07,EL SALVADOR,6083,6083,17,35,49,23,Palermo,14,C1414BQM,Obra Menor,116.53,-58.440150917607205,-34.5792215656335
32527820/18,2019-07-31,FRAY JUSTO SANTAMARIA DE ORO,1887,1887,18,19,87,6,Palermo,14,C1414DBC,Obra Mayor,158.8,-58.4294463592457,-34.5852354926994
34134673/18,2019-06-19,"LACROZE, FEDERICO",1755,1755,17,23,113,23a,Palermo,14,C1426CPC,Obra Media,1432.9,-58.439560139115706,-34.5639209529293
32750635/18,2019-08-16,GURRUCHAGA,2332,2332,18,19,155,15B,Palermo,14,C1425FEJ,Obra Media,1149.97,-58.4222148866879,-34.5838217846106
35256895/18,2019-09-30,HUMBOLDT,1317,1317,17,33,66B,8,Palermo,14,C1414CTI,Obra Media,1670.75,-58.439111306142905,-34.5880458391269
17675611/16,2019-06-07,"NEWBERY, JORGE",1680,1680/82,17,28,108,12,Palermo,14,C1426CXD,Micro Obra,,-58.4346287082909,-34.567135489402396
11907472/19,2019-06-12,"CAMPOS, LUIS M. AV.",1126,1126,17,23,23,3,Palermo,14,C1426BOW,Micro Obra,,-58.440063397441904,-34.5661919574575
20351819/17,2019-09-20,"CAMPOS, LUIS M. AV.",280,280,17,23,6,1h,Palermo,14,C1426BON,Obra Menor,137.13,-58.4325522063854,-34.5738760561231
34877666/18,2019-06-05,MEDRANO,1177,1177,18,19,6,10,Palermo,14,C1179AAU,Obra Menor,244.09,-58.419644099881495,-34.595705052483204
13785001/18,2019-07-30,"VEGA, NICETO, CNEL. AV.",5871,5871,17,33,83C,14,Palermo,14,C1414BFI,Obra Mayor,86.23,-58.441944276298706,-34.5845137935835
30234471/18,2019-06-04,OLLEROS,2130,2130,17,23,19,8,Palermo,14,C1426CRN,Obra Menor,158.55,-58.4413398472812,-34.5683260857807
6481747/17,2019-06-04,PARAGUAY,4865,4865/69,18,19,145,019C,Palermo,14,C1425BSU,Obra Media,2418.21,-58.4274987897112,-34.5818480494066
14538114/19,2019-07-05,"SCALABRINI ORTIZ, RAUL AV.",1295,1295,18,31,102,1,Palermo,14,C1414DNM,Micro Obra,,-58.4279307860475,-34.5932266827823
31600045/18,2019-08-08,FRAY JUSTO SANTAMARIA DE ORO,2155,2155,18,19,123,13,Palermo,14,C1425FOC,Obra Mayor,3394.31,-58.4273820236182,-34.583099082371305
10767562/18,2019-09-25,URIARTE,2246,2246,18,19,143,23,Palermo,14,C1425FNF,Obra Menor,70.12,-58.425676636600706,-34.5827894532788
25822080/19,2019-09-20,VIDT,1636,1636,18,19,99,30,Palermo,14,C1425DJB,Obra Media,1949.58,-58.416728612233,-34.5916094011272
20671875/19,2019-08-02,ZAPATA,301,301,17,35,108,15,Palermo,14,C1426AEE,Obra Media,957.8,-58.4407154743246,-34.5735511465489
15964129/19,2019-08-20,"DIAZ, AVELINO",1451,1451,1,44,137B,012A,Parque Chacabuco,7,C1406IBC,Obra Menor,109.1,-58.4406845925731,-34.6374495409438
24812369/18,2019-06-26,THOMPSON,819,819/21,6,40,29,29,Parque Chacabuco,7,C1424ALI,Obra Media,1378.95,-58.4387110965661,-34.6291350567234
14371111/19,2019-08-20,PUMACAHUA,803,803/05,5,42,1A,1,Parque Chacabuco,7,C1406DCQ,Obra Menor,64.2,-58.451379501388594,-34.6352969993144
27913009/16,2019-08-28,MIRO,1570,1570/72,1,44,115,11,Parque Chacabuco,7,C1406CVF,Obra Media,729.81,-58.443398651143596,-34.6390840331507
35221840/18,2019-06-11,DIRECTORIO AV.,1424,1424/44,5,42,57,12a,Parque Chacabuco,7,C1406GZQ,Obra Menor,77.12,-58.4473679612263,-34.6303903531698
35361434/18,2019-08-26,PRIMERA JUNTA,1470,1470/72,5,42,54,4a,Parque Chacabuco,7,C1406HKD,Obra Media,910.66,-58.4461776355226,-34.6335503879915
33063170/18,2019-06-27,ASAMBLEA AV.,1614,1614,1,44,96,3,Parque Chacabuco,7,C1406HVT,Obra Mayor,3135.2,-58.4474039081633,-34.6377916411317
6495288/19,2019-06-10,BEAUCHEF,1948,1948/50,1,38,47,16-,Parque Chacabuco,7,C1424BEN,Obra Menor,84.55,-58.4298875098343,-34.63966220680761
21985583/19,2019-08-05,CURAPALIGUE AV.,1350,1350,1,44,108,18,Parque Chacabuco,7,C1406DBN,Obra Menor,44.9,-58.4446660271453,-34.6378702960404
31545327/18,2019-09-17,"LAFERRERE, GREGORIO DE",1127,1127,5,82,81,29,Parque Chacabuco,7,C1406HEA,Obra Media,1724.61,-58.443327130552994,-34.6300201930128
22625631/19,2019-08-30,MALVINAS ARGENTINAS,775,775,5,42,28A,25,Parque Chacabuco,7,C1406CXO,Obra Menor,216.07,-58.4484879531957,-34.6327769611706
35378142/18,2019-06-05,ZUVIRIA,315,315,6,40,94,24,Parque Chacabuco,7,C1424CKG,Micro Obra,,-58.4310852448517,-34.628760280699304
21942118/19,2019-08-13,TREVERIS,2419,2419/21,15,61,90,24,Parque Chas,15,C1431DIC,Micro Obra,,-58.4762885689743,-34.5817475761556
20557789/18,2019-09-27,GAMARRA,1245,1245/49,15,61,50,16,Parque Chas,15,C1427AYC,Obra Media,1302.26,-58.4748514727871,-34.584824509864504
31978844/18,2019-08-27,GANDARA,3165,3165/67,15,61,159,21,Parque Chas,15,C1431DAR,Obra Menor,240.8,-58.4838315546465,-34.584839295063
33051674/18,2019-07-01,BEHRING,2563,2563,15,61,51,22,Parque Chas,15,C1427DFA,Obra Mayor,1216.94,-58.4751146358355,-34.584075562615396
35312834/18,2019-06-27,BEHRING,2574,2574/76,15,61,50,9,Parque Chas,15,C1427DFB,Obra Media,1446.22,-58.474723588694,-34.5844161452797
33358670/18,2019-07-29,BAUNESS,938,938/40,15,61,28,28,Parque Chas,15,C1427BCL,Obra Mayor,405.03,-58.4746919539986,-34.589725704062
27306110/18,2019-08-28,BALLIVIAN,3267,3267/69,15,61,158,18,Parque Chas,15,C1431CUO,Obra Menor,207.76,-58.48616735020929,-34.5840161462067
33363224/18,2019-08-20,ARISMENDI,2519,2519,15,61,81,29,Parque Chas,15,C1427DLC,Obra Media,838.28,-58.47506688775471,-34.5831914027409
24945988/19,2019-08-29,BEHRING,2687,2687,15,61,53,25,Parque Chas,15,C1427DFC,Micro Obra,,-58.4764030176307,-34.5856534587536
30059661/18,2019-07-12,BERLIN,4176,4176,15,61,179,10,Parque Chas,15,C1431DJF,Obra Mayor,149.98,-58.480185852717,-34.5825736696247
6297050/17,2019-07-01,GAMARRA,1418,1418,15,61,79,38,Parque Chas,15,C1427AYH,Obra Media,797,-58.4761404090323,-34.583939493464996
34898064/19,2019-08-02,TASSO,2750,2750,15,61,43,7,Parque Chas,15,C1427DDD,Obra Menor,188.6,-58.4756599525802,-34.5873059427105
17332068/19,2019-08-08,TORRENT,1267,1267,15,61,49,17,Parque Chas,15,C1427AVC,Micro Obra,,-58.4740315589532,-34.5834266002377
27163966/18,2019-07-18,SANCHEZ DE LORIA AV.,2058,2058/60,15,59,43,8,Parque Patricios,4,C1241ACP,Obra Mayor,2051.03,-58.4106346063828,-34.6348083157461
34222162/18,2019-09-30,"URQUIZA, GRAL.",1638,1638/40,2,32,109,20,Parque Patricios,4,C1243AEJ,Obra Mayor,3328.89,-58.407972378056606,-34.6300017915911
16350436/18,2019-07-18,CASEROS AV.,2871,2871/75,2,24,28,26,Parque Patricios,4,C1264AAI,Obra Mayor,1363.99,-58.403285973990094,-34.6366239230145
27324361/16,2019-09-30,CASEROS AV.,2080,2080/84,11,24,95,12,Parque Patricios,4,C1264AAN,Obra Media,822.21,-58.391679823925,-34.6346298809887
14634396/19,2019-07-05,COLONIA AV.,259,259,2,24,49,44,Parque Patricios,4,C1437JNE,Obra Mayor,42.34,-58.3980717770461,-34.638991227107
19255064/18,2019-07-25,"SEGUI, F. J., ALTE.",2472,2472/74,15,59,106,29,Paternal,15,C1416BYB,Obra Mayor,153.73,-58.461474209503,-34.5979864882267
16877723/19,2019-07-24,"GARCIA, JUAN AGUSTIN",1135,1135/37,15,59,104,25,Paternal,15,C1416EKC,Obra Mayor,113.92,-58.4643826392293,-34.5974515437592
29975946/17,2019-08-07,CUCHA CUCHA,2738,2738/40,15,59,58,8,Paternal,15,C1416CKH,Obra Media,1724.43,-58.4672897072021,-34.599756855138196
34797062/18,2019-07-18,"RAWSON DE DELLEPIANE, ELVIRA AV.",340,340,21,98,1V,11,Puerto Madero,1,C1107BCA,Obra Mayor,50284.82,-58.361783161723096,-34.6227185128121
16177493/19,2019-07-29,SANTA FE AV.,2496,2496/500,19,11,4,009a,Recoleta,2,C1123AAT,Micro Obra,,-58.40221090712,-34.5947400707559
24522369/18,2019-06-28,SANCHEZ DE BUSTAMANTE,2540,.2540/42,19,15,54,61,Recoleta,2,C1425DUZ,Micro Obra,,-58.4027630004828,-34.5840750433848
28434626/19,2019-09-27,PUEYRREDON AV.,1233,1233/39,19,11,3,17E,Recoleta,2,C1118AAC,Micro Obra,,-58.4027980960341,-34.5963378444928
34740458/18,2019-08-27,ORTIZ DE OCAMPO AV.,3220,3220/50,19,15,173,F,Recoleta,2,C1425DSU,Micro Obra,,-58.4010095584605,-34.575150154703195
14157147/19,2019-06-27,"ALVEAR, MARCELO T. DE",1418,1418/20,20,7,33,3,Recoleta,2,C1060AAB,Obra Menor,101.56,-58.3873230398936,-34.597248450365804
27324304/18,2019-07-11,GUEMES,2902,2902/24,19,15,84,1,Recoleta,2,C1425BKB,Obra Mayor,3927.8,-58.40822255046479,-34.5925419058175
24357521/19,2019-08-27,CORDOBA AV.,3093,3093/99,19,15,100,18,Recoleta,2,C1187AAE,Obra Media,2347.08,-58.410125274341,-34.5979100887535
35404171/18,2019-06-11,CORDOBA AV.,2919,2919/27,19,15,113,25e,Recoleta,2,C1187AAD,Obra Mayor,3700.84,-58.4084385056089,-34.597760220095
26906643/15,2019-08-12,CORDOBA AV.,1601,1601/57,20,7,13,21a,Recoleta,2,C1055AAG,Micro Obra,,-58.390022982510395,-34.5992247758349
12294657/17,2019-06-27,"ANCHORENA, TOMAS MANUEL DE, DR.",1288,1288/92,19,15,116,43,Recoleta,2,C1425ELD,Micro Obra,,-58.4063398122375,-34.5943456467166
20581571/19,2019-07-11,AGUERO,1151,1151/57,19,15,101,15,Recoleta,2,C1425EHA,Micro Obra,,-58.409615331059,-34.5963297054718
21871711/19,2019-09-17,BILLINGHURST,1323,1323,19,15,43,13a,Recoleta,2,C1425DTA,Obra Menor,131.48,-58.4132493061942,-34.5945783120929
21433822/19,2019-07-15,SANTA FE AV.,1638,1638,20,7,17,8,Recoleta,2,C1060ABP,Obra Mayor,145.36,-58.3907090804299,-34.5962156291173
31960715/18,2019-06-14,SOLER,3395,3395,19,15,61,15,Recoleta,2,C1425BWC,Obra Media,1262.29,-58.412477810640105,-34.5953959985254
12664123/17,2019-06-28,SUPERI,4447,U.F.1,12,43,62,13,Saavedra,12,C1430FGG,Obra Menor,42.84,-58.4828604058039,-34.547302600609
20974841/18,2019-08-12,SAN ISIDRO LABRADOR AV.,4802,4802/14,16,43,165,2o,Saavedra,12,C1429ADW,Obra Mayor,67833.49,-58.47572596467939,-34.540795172992304
26974816/19,2019-09-26,RAMALLO,4884,4884/86,16,55,128,7,Saavedra,12,C1430CQN,Obra Menor,402.24,-58.4955418900399,-34.553704639054295
21086388/19,2019-07-31,RUIZ HUIDOBRO,2605,2605/07,16,43,159,28,Saavedra,12,C1429DNQ,Obra Mayor,84.76,-58.4741157628246,-34.5451493085412
29889654/17,2019-07-15,"BALBIN, RICARDO, DR. AV.",4289,4289/99,16,55,154,5,Saavedra,12,C1430ABA,Obra Mayor,2452.85,-58.4921767142649,-34.5549406868083
35465283/18,2019-06-24,PINTO,4018,4018/60,15,43,83,6,Saavedra,12,C1429APR,Obra Media,813.12,-58.4778319269532,-34.5492839821351
20962298/19,2019-08-28,PAROISSIEN,3726,3726/30,16,43,19,3a,Saavedra,12,C1430CCD,Obra Media,601.58,-58.4822802973073,-34.5522584051922
1613636/19,2019-06-26,MELIAN AV.,3726,3726/28,16,43,17,18,Saavedra,12,C1430EZB,Micro Obra,12.06,-58.480910539591,-34.5540434474615
34189379/18,2019-09-20,VILELA,3869,3869/71,16,43,7,16,Saavedra,12,C1430CEI,Obra Media,939.31,-58.4844695903024,-34.551655189727605
20274151/19,2019-08-28,"ACHA, MARIANO, GRAL.",3725,3725/29,16,55,164,14,Saavedra,12,C1430DVW,Obra Menor,476.37,-58.4888682209653,-34.5580440808892
30330604/18,2019-06-27,JARAMILLO,4622,4622/24,16,55,148B,3,Saavedra,12,C1430AHJ,Obra Menor,30.51,-58.48911378083489,-34.5587401450612
17464029/19,2019-06-28,JARAMILLO,2965,U.F.1,16,43,127,15,Saavedra,12,C1429CRU,Obra Menor,143.6,-58.474149534777005,-34.5506134263633
19382389/17,2019-07-18,"PELLEGRINI, CARLOS E.",5609,5609/17,16,55,32,8,Saavedra,12,C1431BKA,Obra Mayor,454.63,-58.501085791487,-34.5625088684611
17166777/19,2019-09-13,ARIAS,3010,3010/20,16,43,107,1g,Saavedra,12,C1429DYB,Micro Obra,,-58.479217112537405,-34.544289313160604
32322509/18,2019-07-31,VILELA,2521,2521/57,15,43,177,16a/21a,Saavedra,12,C1429DAM,Obra Mayor,5797.29,-58.4714409992256,-34.546262641048195
14674026/19,2019-06-19,ANDONAEGUI,3720,3720/26,16,55,20,16,Saavedra,12,C1431DXB,Micro Obra,12.7,-58.50013738112471,-34.5634122237286
35357007/18,2019-07-24,AMENABAR,3607,3607/11,16,43,174,10B,Saavedra,12,C1429AEO,Obra Mayor,1624.97,-58.4701533578771,-34.5498691151495
27412448/19,2019-09-25,20 DE FEBRERO,5752,5752,16,55,12,3,Saavedra,12,C1431BBD,Micro Obra,18.62,-58.501193597196504,-34.565265111806305
25094938/19,2019-09-20,AIZPURUA,3831,3831,55,24,4,,Saavedra,12,C1431ESC,Obra Menor,427.06,-58.505863811932706,-34.5644236571237
23547612/19,2019-08-08,BESARES,3625,3625,16,43,35,22,Saavedra,12,C1430CHE,Micro Obra,5.73,-58.482955647725106,-34.549900204886306
7703987/19,2019-07-18,BESARES,3710,3710,16,43,21c,2,Saavedra,12,C1430CHH,Obra Mayor,85.17,-58.483562882014205,-34.5505971761703
16811193/19,2019-08-02,CIUDAD DE LA PAZ,3775,3775,16,43,180,6,Saavedra,12,C1429ACQ,Micro Obra,22.33,-58.4702720262955,-34.547557734429
36724542/15,2019-06-24,"LARRALDE, CRISOLOGO AV.",2491,2491,16,43,179,10,Saavedra,12,C1429BTE,Micro Obra,,-58.4693097162186,-34.5492931098385
35480387/18,2019-07-01,CONESA,4465,4465,16,49,134,11,Saavedra,12,C1429AME,Obra Mayor,96.72,-58.4775588981212,-34.5449833502991
21420879/19,2019-09-24,DEHEZA,4751,4751,16,55,145,20,Saavedra,12,C1430CVK,Micro Obra,,-58.4958839930274,-34.5512070477991
16474629/19,2019-06-12,DEHEZA,4975,4975,16,55,116,20,Saavedra,12,C1430CVO,Micro Obra,,-58.49783513875361,-34.5523345360098
30408750/17,2019-07-30,DONADO,3986,3986,16,55,180,29,Saavedra,12,C1430DTB,Obra Mayor,935.86,-58.48862545698461,-34.5555159953725
3200181/17,2019-07-22,PLAZA,4478,4478,16,55,215,20,Saavedra,12,C1430DJD,Obra Mayor,105.94,-58.4893430188131,-34.5504785638255
26241187/19,2019-09-20,"BALBIN, RICARDO, DR. AV.",4198,4198,16,55,167,1,Saavedra,12,C1430AAZ,Micro Obra,,-58.4906246223078,-34.5553245463516
35170681/18,2019-08-28,"FREIRE, RAMON, CAP. GRAL.",4380,4380,2,24,102,26,Saavedra,12,C1429ATD,Obra Menor,346,-58.4808778769291,-34.5471782457006
6619558/18,2019-06-11,RUIZ HUIDOBRO,3457,3457,16,43,49a,14,Saavedra,12,C1430CJB,Obra Menor,437.15,-58.4827670900091,-34.548765269289696
14253239/19,2019-08-15,RUIZ HUIDOBRO AV.,4610,4610,16,55,140,1B,Saavedra,12,C1430CKR,Micro Obra,,-58.4931126201525,-34.5545550064086
26829318/18,2019-08-07,SUPERI,3745,3745,16,43,57,10C,Saavedra,12,C1430FFG,Obra Menor,347.95,-58.478953464205105,-34.552677319435396
3981582/19,2019-07-12,SUPERI,4531,4531,16,43,63,22,Saavedra,12,C1430FGI,Obra Mayor,652.85,-58.4833680354286,-34.5467072426851
29897617/17,2019-06-28,TRONADOR,3658,3658,16,55,221,7,Saavedra,12,C1430DMP,Obra Media,775.13,-58.4841201354545,-34.556727556131804
34459106/18,2019-07-29,TRONADOR,4072,4072,16,55,226,24,Saavedra,12,C1430DMX,Obra Mayor,607.68,-58.4865622772528,-34.5533523462436
32689807/18,2019-06-07,WASHINGTON,4145,4145,15,43,21c,5,Saavedra,12,C1430EVG,Obra Media,699.12,-58.4839302908891,-34.5511104887644
35035398/18,2019-09-20,SARANDI,1118,1118/20,8,22,58,7,San Cristobal,3,C1222ACN,Obra Menor,119.3,-58.393658503005106,-34.6219517062788
10121213/18,2019-07-31,PAVON,3156,3156/64,8,30,42,6B,San Cristobal,3,C1253AAP,Obra Mayor,3671.27,-58.4092172243027,-34.6288306900399
30307005/18,2019-07-18,MATHEU,1521,1521/55,8,22,14,5,San Cristobal,3,C1249AAG,Obra Mayor,24208.92,-58.398906766136896,-34.6274645114973
20577839/19,2019-06-28,JUJUY AV.,1084,1084/86,8,22,7,20B,San Cristobal,3,C1229ABS,Micro Obra,6.53,-58.402330883197,-34.6221722236715
18345636/16,2019-06-26,JUJUY AV.,1071,1071/73,8,30,95,42,San Cristobal,3,C1229ABF,Obra Menor,498.6,-58.4026746701065,-34.622072406185396
10847252/16,2019-08-13,INDEPENDENCIA AV.,3086,3086,8,30,67,9/10,San Cristobal,3,C1225AAZ,Micro Obra,,-58.40892676181829,-34.620202021888105
34338346/18,2019-09-30,HUMBERTO,2028,2028/30,8,22.50,4,,San Cristobal,3,C1229AAD,Micro Obra,14.93,-58.3943524211195,-34.622010573428305
34188016/18,2019-09-27,ALBERTI,827,827/29,8,22,13,1c,San Cristobal,3,C1223AAG,Obra Menor,34.93,-58.40121029538339,-34.6191238600139
33574165/18,2019-07-24,24 DE NOVIEMBRE,1541,1541/55,8,30,32,28a,San Cristobal,3,C1242AAG,Obra Mayor,6611.39,-58.410226144041204,-34.6293574872497
26881239/18,2019-06-05,ALBERTI,1065,1065/83,8,22,11,30A,San Cristobal,3,C1223AAK,Obra Mayor,3854.3,-58.400747183563006,-34.6216831731583
34789631/18,2019-06-07,CATAMARCA,931,931,8,30,85,45,San Cristobal,3,C1231AAI,Obra Media,1395.37,-58.4049020097398,-34.6206575043407
13651004/19,2019-06-18,INDEPENDENCIA AV.,2708,2708,7,30,97,2,San Cristobal,3,C1225AAW,Micro Obra,,-58.403708835006,-34.6191122843525
24637912/18,2019-06-14,PAVON,2384,2384,8,22,22,13,San Cristobal,3,C1248AAS,Obra Media,1374.54,-58.3984162351177,-34.627342086480105
21816906/19,2019-09-20,VIAMONTE,154,154/56,14,1,63,21,San Nicolas,1,C1053ABD,Obra Menor,52.59,-58.3698498107355,-34.5996353165924
2931276/16,2019-09-30,RIVADAVIA AV.,1561,1561/63,14,5,19,16,San Nicolas,1,C1033AAF,Micro Obra,,-58.3886510532535,-34.6086340426907
32917965/18,2019-08-08,RODRIGUEZ PEÑA,149,149/51,14,5,10,20,San Nicolas,1,C1020ADB,Obra Media,2187.49,-58.3904456473727,-34.6073371644823
21830073/19,2019-08-20,LIBERTAD,174,174/92,14,5,44,8,San Nicolas,1,C1012AAD,Micro Obra,,-58.38370278926129,-34.606515697448
13793101/18,2019-07-15,"ALEM, LEANDRO N. AV.",30,30/36,14,1,49,4,San Nicolas,1,C1003AAN,Obra Mayor,654.18,-58.3704925129418,-34.6068645539444
10372443/19,2019-06-07,CORDOBA AV.,924,924/34,14,5,74,004A,San Nicolas,1,C1054AAV,Obra Menor,57.79,-58.380068125274896,-34.5991960443113
27741573/19,2019-09-25,"PERON, JUAN DOMINGO, TTE. GENERAL",547,547,15,1,27,012AyB,San Nicolas,1,C1038AAK,Micro Obra,,-58.3745292191304,-34.6054248434486
16302385/19,2019-06-27,TUCUMAN,737,737,14,1,15,22,San Nicolas,1,C1049AAO,Micro Obra,,-58.377356262378505,-34.6008489875903
10694397/19,2019-08-28,DEFENSA,1357,1357/61,4,25,26,,San Telmo,1,C1143AAC,Obra Media,1698.65,-58.371621173011704,-34.6237026262494
27286417/18,2019-07-12,COCHABAMBA,441,441/49,12,4,26,32A,San Telmo,1,C1150AAE,Obra Mayor,18.3,-58.371942580375205,-34.622905844842
18184115/17,2019-06-12,COCHABAMBA,354,354/70,12,4,31,8/9/10/15,San Telmo,1,C1150AAD,Micro Obra,,-58.3705899920214,-34.623176443656895
30344210/18,2019-07-12,BRASIL,469,469/79,3,8,56,16A,San Telmo,1,C1154AAE,Obra Mayor,3323.11,-58.3721963821866,-34.6252606102462
33615779/18,2019-09-27,"GARAY, JUAN DE AV.",371,371,12,4,31,24b,San Telmo,1,C1153ABB,Obra Media,1228.85,-58.3707207802806,-34.6240226961961
34201930/18,2019-07-15,PIEDRAS,1040,1040,12,4,10,15,San Telmo,1,C1070AAV,Obra Media,844,-58.3770747685818,-34.62010920646539
14294946/19,2019-08-16,SAN JUAN AV.,432,432,12,4,26,002e,San Telmo,1,C1147AAP,Obra Media,2345.4,-58.371766553996004,-34.622138097637894
26421325/18,2019-07-25,RIVADAVIA AV.,8676,8676/80,1,54,95,009c,Velez Sarsfield,10,C1407DYV,Obra Mayor,3608.44,-58.4860277592556,-34.6349744789798
26926273/19,2019-09-26,BELEN,146,146/48,1,77,46,32,Velez Sarsfield,10,C1407ASB,Obra Menor,193.95,-58.4877110290129,-34.6335801368909
35155488/18,2019-06-10,AVELLANEDA,4298,4298,1,77,69,10a,Velez Sarsfield,10,C1407EJW,Obra Menor,80.87,-58.4875343273237,-34.6311165694311
33654980/18,2019-06-06,CAMARONES,4950,4950/52,15,85,33b,9,Velez Sarsfield,10,C1407FNH,Obra Menor,192.41,-58.50206653105829,-34.6262569920737
17487406/17,2019-06-05,MORON,4855,4855/63,1,77,20,31a,Velez Sarsfield,10,C1407EOE,Obra Media,857.31,-58.4975334071825,-34.631914734498
22115043/19,2019-08-29,TUPAC AMARU,1088,1088,15,85,89,38,Velez Sarsfield,10,C1407CXD,Obra Menor,108.79,-58.4938992187871,-34.6268091376459
16740694/19,2019-07-02,SANTO TOME,6238,6238,15,93,77,3,Versalles,10,C1408AYT,Micro Obra,,-58.52375245891479,-34.627159866623394
30888661/18,2019-06-27,ACEVEDO,435,435,18,31,4,11,Villa Crespo,15,C1414DJI,Obra Media,1124.56,-58.4401423652034,-34.5979721497481
19992309/19,2019-09-17,URIARTE,868,868/70,18,31,46,22,Villa Crespo,15,C1414DAB,Obra Media,693.73,-58.4396311236123,-34.5921726430335
9276237/18,2019-08-21,THAMES,684,684/86,18,31,21,22,Villa Crespo,15,C1414DCN,Micro Obra,,-58.4412552588486,-34.593939454024
27012491/19,2019-09-23,PAYSANDU,2251,2251/55,15,47,12,10,Villa Crespo,15,C1416CDW,Obra Media,631.18,-58.456685759268396,-34.5992310070772
29642210/17,2019-09-16,"JUSTO, JUAN B. AV.",3675,3675/95,15,59,186,10a,Villa Crespo,15,C1416DJD,Obra Mayor,3029.81,-58.4559306659916,-34.6024679160444
6203156/18,2019-07-12,CASTILLO,246,246/48,18,31,50,35,Villa Crespo,15,C1414AWF,Micro Obra,,-58.4325684111664,-34.597707608635304
35350354/18,2019-06-11,"GALLARDO, ANGEL AV.",573,573/75,15,47,128,23,Villa Crespo,15,C1405DJF,Obra Mayor,3952.03,-58.4390556910052,-34.605020694634
28974028/18,2019-09-26,CASAFOUST,677,677,15,47,24,22,Villa Crespo,15,C1416EEC,Obra Menor,141.34,-58.4557172213714,-34.5990528056048
9393900/18,2019-07-01,"PUEYRREDON, HONORIO, DR. AV.",1210,1210,15,47,27,2,Villa Crespo,15,C1414CEO,Micro Obra,,-58.4469365134477,-34.606131982918704
11062666/19,2019-06-25,"PUEYRREDON, HONORIO, DR. AV.",1850,1850,15,47,33B,2,Villa Crespo,15,C1414CEU,Micro Obra,,-58.451912094064205,-34.6007435409968
32215760/18,2019-07-12,"ALVAREZ, JULIAN",864,864,18,62,28,,Villa Crespo,15,C1414DRR,Obra Mayor,1453.05,-58.4314547036228,-34.59737877949539
24052656/18,2019-09-20,"ESCALADA DE SAN MARTIN, R.",1006,1006,15,59,174,10,Villa Crespo,15,C1416CVL,Obra Mayor,3238.05,-58.4557317023252,-34.6043558409679
31390594/18,2019-08-29,"ESCALADA DE SAN MARTIN, R.",461,461,15,47,51,19,Villa Crespo,15,C1414DYC,Obra Menor,112.15,-58.4509038234586,-34.6005643895761
33175445/18,2019-07-01,SERRANO,416,416,15,47,176,23,Villa Crespo,15,C1414DEJ,Obra Media,902,-58.4435857439374,-34.5969317328677
23420769/19,2019-09-30,"VIRASORO, VALENTIN",1606,1606,15,47,48,21B,Villa Crespo,15,C1414CDL,Obra Menor,61.29,-58.447705231002,-34.6032994575847
21306190/19,2019-07-31,VERA,138,138,15,47,185,37,Villa Crespo,15,C1414AOD,Obra Mayor,88.1,-58.43502020468161,-34.6021021876619
5786679/19,2019-09-30,TINOGASTA,3630,3630/34,15,81,116,11,Villa Del Parque,11,C1417EIH,Obra Menor,124.23,-58.5000899293189,-34.603464589906395
14070867/19,2019-07-31,TINOGASTA,3068,3068/72,15,71,22,8,Villa Del Parque,11,C1417EHN,Obra Mayor,1200.62,-58.49394909453079,-34.5995463156695
8662356/19,2019-07-22,"VILARDEBO, TEODORO",2406,2406/10,15,91,124A,11,Villa Del Parque,11,C1417AHH,Obra Mayor,236.71,-58.493908038175896,-34.6085787905485
34350415/18,2019-08-07,NOGOYA,3724,3724/26,15,81,98A,4,Villa Del Parque,11,C1417FNT,Obra Media,610.95,-58.4986097244062,-34.6069035690178
20820446/19,2019-09-30,LLAVALLOL,2846,2846/50,15,81,138,25,Villa Del Parque,11,C1417AEP,Obra Menor,131.66,-58.49650255076,-34.6039997519172
31377279/18,2019-09-30,EMPEDRADO,2346,2346/72,15,69,84,14a,Villa Del Parque,11,C1417GIB,Obra Mayor,5803.72,-58.480863672244,-34.599593078291
27387146/18,2019-07-12,"BEIRO, FRANCISCO AV.",3550,3550/54,15,81,120,6,Villa Del Parque,11,C1419HYW,Obra Mayor,2129.21,-58.5025415724306,-34.6004542665921
19046591/19,2019-07-22,"BUFANO, ALFREDO R.",2772,2772/74,15,69,70,42,Villa Del Parque,11,C1417DMF,Obra Mayor,272.51,-58.4805571622534,-34.6014915442976
23911675/18,2019-06-04,ARREGUI,3601,3601/09,15,81,109,28,Villa Del Parque,11,C1417GNA,Obra Menor,199.06,-58.4945169881707,-34.6102806478534
16708959/19,2019-09-10,ESTADO PLURINACIONAL DE BOLIVIA,2724,2724,15,69,045A,2,Villa Del Parque,11,C1417DCH,Obra Menor,220.21,-58.4834353081419,-34.602385915267895
15993033/19,2019-06-26,CAMPANA,3231,3231,15,81,169,16C,Villa Del Parque,11,C1417ADA,Obra Media,2014.26,-58.4972303325315,-34.600933501166104
35422023/18,2019-08-30,CONDARCO,2341,2341,15,69,040B,13,Villa Del Parque,11,C1416AQY,Obra Media,605.36,-58.4811422996066,-34.6069562353264
34788312/18,2019-06-25,MELINCUE,3241,3241,15,81,165,25a,Villa Del Parque,11,C1417FHG,Obra Media,1134.2,-58.494851737722904,-34.603073617103
11807435/18,2019-07-01,NAZCA AV.,2358,2358,15,69,15,40,Villa Del Parque,11,C1416ASZ,Obra Menor,149,-58.484324727821395,-34.608425910373604
23481814/18,2019-06-11,NOGOYA,3500,3500,15,81,136,9B,Villa Del Parque,11,C1417FNN,Obra Media,806.45,-58.496256301518,-34.6056385048712
8428522/19,2019-07-19,PERNAMBUCO,2320,2320,15,69,40B,22,Villa Del Parque,11,C1416APF,Obra Mayor,231.28,-58.480743299676504,-34.607044712919304
14070867/19,2019-06-06,TINOGASTA,3068,3068/72,15,71,22,8,Villa Del Parque,11,C1417EHN,Obra Media,956.63,-58.49394909453079,-34.5995463156695
16296200/19,2019-07-12,VALLEJOS,4386,4386/90,15,83,13,78,Villa Devoto,11,C1419GLH,Obra Mayor,284.5,-58.5192678030235,-34.5992770432008
34795608/18,2019-07-31,SAN MARTIN AV.,6329,6329/37,15,83,218,005C,Villa Devoto,11,C1419ICA,Obra Mayor,1830.87,-58.5042488609132,-34.5940124701101
3518657/19,2019-07-25,"SOLANO LOPEZ, F., MARISCAL",3626,3626/28,15,83,142,002a,Villa Devoto,11,C1419HRP,Obra Mayor,130.55,-58.50526483119079,-34.5994706674578
26433159/18,2019-09-25,"SOLANO LOPEZ, F., MARISCAL",3329,3329/31,15,83,211,31A,Villa Devoto,11,C1419HRI,Micro Obra,10.88,-58.5014313820961,-34.5968321612325
26581680/19,2019-08-29,LLAVALLOL,4580,4580,15,83,198,31,Villa Devoto,11,C1419AKL,Micro Obra,,-58.5080330452555,-34.5915356899576
22007540/19,2019-07-23,LLAVALLOL,4766,4766/68,15,83,200A,27,Villa Devoto,11,C1419AKP,Obra Mayor,472.29,-58.5094832295195,-34.5898959473359
33318642/18,2019-09-10,MOSCONI GENERAL AV.,3851,3851/55,15,83,112,022a,Villa Devoto,11,C1419ERE,Obra Mayor,5743.22,-58.51527465273001,-34.593778556897604
34802241/18,2019-06-26,NAVARRO,5049,5049/51,15,89,51,037a,Villa Devoto,11,C1419HUW,Obra Mayor,853.44,-58.522185002768005,-34.6108839469204
25957091/18,2019-07-12,LLAVALLOL,5370,5370,17,83,206,40,Villa Devoto,11,C1419ALD,Obra Mayor,6031,-58.51380153976871,-34.5852303838775
32622911/18,2019-08-29,LOPE DE VEGA AV.,2939,2939/43,15,87,13,32,Villa Devoto,11,C1417CPB,Obra Media,1836.45,-58.5234917171509,-34.615139353032305
25638360/19,2019-09-24,"GONZALEZ, JOAQUIN V.",4776,4776/78,15,83,112,7,Villa Devoto,11,C1419AYH,Obra Menor,298.54,-58.5148464276404,-34.5929784838469
10477531/19,2019-08-07,"CABEZON, JOSE LEON",3625,3625/29,15,83,159A,18,Villa Devoto,11,C1419FCU,Micro Obra,,-58.5150915365096,-34.5887631219614
22382568/18,2019-08-08,GRIVEO,3308,3308/10,15,83,225,2,Villa Devoto,11,C1419EVX,Obra Menor,196.33,-58.50914157156261,-34.588057270689305
35311195/18,2019-08-30,"BEIRO, FRANCISCO AV.",4744,4744/50,15,87,71,13,Villa Devoto,11,C1419HZW,Obra Mayor,4987.07,-58.5171274335808,-34.6096016819287
12001990/19,2019-09-26,"LAMARCA, EMILIO",5281,5281/85,15,83,182B,006B,Villa Devoto,11,C1419ASU,Obra Menor,113.21,-58.5155253350935,-34.5873006339852
13170769/19,2019-09-13,CERVANTES,2950,2950/52,15,87,25A,4,Villa Devoto,11,C1417CBV,Micro Obra,,-58.5191890092528,-34.61464127877711
22512410/16,2019-07-11,CERVANTES,2826,2826/30,15,87,24A,33,Villa Devoto,11,C1417CBT,Obra Mayor,56.9,-58.518044421827604,-34.6153657684001
32687844/18,2019-06-11,"BEIRO, FRANCISCO AV.",4237,4237/55,15,83,20,12a,Villa Devoto,11,C1419HZE,Obra Mayor,4368.81,-58.51125241948979,-34.6051394868046
26284842/18,2019-06-06,BAHIA BLANCA,3061,3061,11,81,75B,9,Villa Devoto,11,C1417ASS,Obra Menor,206.37,-58.50438681713321,-34.6063263132106
33956212/18,2019-07-12,BAHIA BLANCA,3658,3658,15,83,80,3,Villa Devoto,11,C1419BAB,Obra Mayor,315.82,-58.508814809232206,-34.601935849815895
33509285/18,2019-07-11,BACON,4828,4828,15,83,178B,24,Villa Devoto,11,C1419AQB,Obra Mayor,195.31,-58.511857878018105,-34.590388834147504
15951700/19,2019-09-20,CHIVILCOY,2730,2730,15,81,47,19,Villa Devoto,11,C1417ATP,Obra Menor,247.5,-58.50423115637779,-34.6086508106659
18759890/19,2019-07-18,COLIQUEO,2261,2261,15,87,6A,14,Villa Devoto,11,C1417CLE,Obra Mayor,271.76,-58.516871416666696,-34.6194002537764
32764607/18,2019-07-16,FRANCO,3616,3616,15,83,160A,2,Villa Devoto,11,C1419FIR,Obra Mayor,80.46,-58.5159272767004,-34.5874352659
17396004/19,2019-07-31,"PAZ, GRAL. AV.",6778,6778,15,88,60,12,Villa Devoto,11,C1419FZR,Obra Mayor,761.15,-58.5200331661858,-34.5938983297892
16874144/19,2019-08-14,GUALEGUAYCHU,3845,3845,15,83,46,4,Villa Devoto,11,C1419BKG,Obra Menor,293.35,-58.51321616511479,-34.6016587658809
10376103/19,2019-07-05,GUALEGUAYCHU,4580,4580,15,83,34,28,Villa Devoto,11,C1419BLB,Obra Mayor,28.82,-58.5176265283626,-34.5974582500843
11992303/19,2019-06-27,"CUBAS, JOSE",4495,4495,15,89,59,17,Villa Devoto,11,C1419GOM,Micro Obra,19.28,-58.520132079129,-34.6006782408399
12304460/18,2019-08-16,"VARELA, JOSE PEDRO",5170,5170,15,87,26C,10,Villa Devoto,11,C1417EZF,Obra Menor,66.3,-58.5212255843657,-34.6141050072231
16853524/19,2019-06-26,NAZARRE,4711,4711,15,87,26,,Villa Devoto,11,C1417DYG,Obra Menor,320.47,-58.5121328689108,-34.6124641800809
32524593/18,2019-07-11,NAZARRE,4728,4728,15,87,078A,3,Villa Devoto,11,C1417DYH,Obra Mayor,85.97,-58.511977455581395,-34.6127651890413
32920203/18,2019-07-16,NOGOYA,4002,4002,15,81,58,1e,Villa Devoto,11,C1417FNZ,Obra Mayor,3096.36,-58.5022416488585,-34.609225717021296
15965848/19,2019-06-11,"MORAN, PEDRO",4726,4726,15,89,78,001B,Villa Devoto,11,C1419HLN,Obra Menor,42.96,-58.5190522817796,-34.6070398754908
18336267/19,2019-08-29,"VARELA, JOSE PEDRO",4074,4074,15,81,51,14,Villa Devoto,11,C1417EYJ,Micro Obra,18.86,-58.5079903751978,-34.6051359140271
19749698/18,2019-09-16,"LISTA, RAMON, CORONEL",5180,5180,87,27,26,,Villa Devoto,11,C1417FAD,Obra Media,1964.29,-58.522465730897395,-34.6133306903315
33367804/18,2019-06-07,"CARRIL, SALVADOR MARIA DEL AV.",4867,4867,15,89,38,15,Villa Devoto,11,C1419HBD,Obra Media,812.43,-58.5229955599207,-34.605652798831
14122942/19,2019-07-18,SIMBRON,4775,4775,15,87,70,0,Villa Devoto,11,C1417EVY,Obra Mayor,15.22,-58.516100505832995,-34.611373515147
38292725/15,2019-06-26,VALLEJOS,4253,4253,15,83,34,19,Villa Devoto,11,C1419GLE,Obra Menor,148.45,-58.517698278389396,-34.5979296725662
9460756/17,2019-09-10,"ALVAREZ, DONATO, TTE. GRAL.",1342,1342/54,15,59,64,33b,Villa Gral. Mitre,11,C1416BTP,Obra Media,1091.83,-58.4611258631752,-34.6115028094841
21481243/19,2019-09-26,ALVAREZ JONTE,1930,1930/44,15,59,27,4/5/6,Villa Gral. Mitre,11,C1416EXR,Obra Menor,487.44,-58.470663199673204,-34.6034310714247
8349921/19,2019-08-14,ESTADO PLURINACIONAL DE BOLIVIA,1144,1144,15,67,62,34,Villa Gral. Mitre,11,C1416ANB,Obra Media,1331.8,-58.470972053731394,-34.6181702625866
26452376/18,2019-06-14,ESTADO PLURINACIONAL DE BOLIVIA,1636,1636,15,67,67,39,Villa Gral. Mitre,11,C1416ANL,Obra Menor,190.65,-58.474990509779,-34.613137730395
18162568/14,2019-06-05,CAMARONES,2013,2013/15,15,59,10A,21,Villa Gral. Mitre,11,C1416ECM,Obra Media,852.86,-58.469778697257006,-34.6067942930464
15883099/19,2019-06-11,CONDARCO,1965,1965,15,67,70,16,Villa Gral. Mitre,11,C1416AQQ,Obra Menor,484.21,-58.4782933354914,-34.610354572209
30224368/18,2019-06-26,FRAGATA PRES. SARMIENTO,1848,1848,15,59,131,28,Villa Gral. Mitre,11,C1416CBP,Obra Media,2253.2,-58.4602269889072,-34.60482774417
35466987/18,2019-08-08,"ESCALADA DE SAN MARTIN, R.",2650,2650,15,67,66,6,Villa Gral. Mitre,11,C1416CWN,Obra Media,1202.04,-58.474766547262895,-34.614026172438805
16477215/17,2019-06-28,RAFAELA,4993,4993/95,1,60,134,22,Villa Luro,10,C1407GVC,Obra Media,884.69,-58.497419526107706,-34.639578606884896
16995977/18,2019-09-18,PATRON,5455,5455/57,1,60,76,29,Villa Luro,10,C1408FAC,Obra Media,1647.66,-58.5071228136798,-34.640312491452
20581014/19,2019-07-11,MANZONI,45,45/47,1,60,131,15,Villa Luro,10,C1407ICA,Micro Obra,,-58.4996184987813,-34.6380912026371
24797816/19,2019-08-29,LAGRANGE,1230,1230/36,15,91,79B,24,Villa Luro,10,C1407CEB,Micro Obra,10.63,-58.5122150415894,-34.6279563200754
21417648/19,2019-08-06,IRIGOYEN,747,747/49,15,91,45,18,Villa Luro,10,C1407CAQ,Obra Menor,125.45,-58.51028061481811,-34.6327437279913
23428302/19,2019-08-14,BASUALDO,480,480/82,1,60,93,20,Villa Luro,10,C1440DNB,Obra Menor,355.66,-58.50126053360311,-34.6427072128581
18338061/19,2019-08-16,ACASSUSO,5218,5218/22,1,60,95,24,Villa Luro,10,C1408FDD,Micro Obra,15.9,-58.5037881708473,-34.6398064354166
17983929/19,2019-07-12,BACACAY AV.,5769,5769,15,91,36,14,Villa Luro,10,C1408AJA,Obra Mayor,187.23,-58.5087216337408,-34.6353857960756
23917836/19,2019-09-10,CAJARAVILLA,4589,4589,1,54,047B,12,Villa Luro,10,C1407GWI,Obra Menor,411.4,-58.491247656083296,-34.639978399548696
20894552/19,2019-09-23,DONIZETTI,414,414,1,60,120,13,Villa Luro,10,C1407IEJ,Obra Menor,94.91,-58.49537875713221,-34.6421685573484
4706857/19,2019-06-06,"CASTRO, EMILIO AV.",5151,5151/53,1,60,100,24,Villa Luro,10,C1440CLA,Obra Menor,377.57,-58.4979461814177,-34.643456671374395
35443422/18,2019-08-07,"HUGO, VICTOR",1055,1055,15,91,76,7,Villa Luro,10,C1407BWS,Obra Menor,144.16,-58.510478913381704,-34.6295179075969
5559396/17,2019-06-05,ZELADA,5376,5376/78,1,60,81,6,Villa Luro,10,C1440BWF,Obra Media,611.57,-58.500490739430106,-34.6442207487015
16298755/19,2019-09-11,PLAZA,711,711/13,15,49,85B,11,Villa Ortuzar,15,C1427CVA,Obra Menor,244.17,-58.468822459134294,-34.5854711261671
24560151/18,2019-07-10,"ACHA, MARIANO, GRAL.",961,961/67,15,49,34,12,Villa Ortuzar,15,C1427DBA,Obra Mayor,2477.36,-58.471720419523294,-34.5842398561224
35314435/18,2019-06-26,GUEVARA,1325,1325/27,15,49,134,24,Villa Ortuzar,15,C1427BSG,Obra Media,1332.98,-58.462440861258706,-34.5837152054277
19308321/19,2019-07-25,ELCANO AV.,3785,3785/89,15,49,150,2,Villa Ortuzar,15,C1427CHB,Obra Mayor,204.93,-58.4607584943119,-34.5805595670484
14910307/17,2019-07-11,CHORROARIN AV.,982,982/96,15,49,33,1a,Villa Ortuzar,15,C1427CXT,Obra Mayor,42.48,-58.4700093632101,-34.585601461305195
31245694/18,2019-07-01,ALVAREZ THOMAS AV.,2256,2256,15,49,55,6e,Villa Ortuzar,15,C1430EEP,Obra Mayor,855.75,-58.4729455145529,-34.578076484353396
17803720/19,2019-09-26,GIRIBONE,1902,1902,15,49,76,1,Villa Ortuzar,15,C1427CBF,Micro Obra,,-58.4685050439425,-34.5795901150909
15595430/19,2019-08-12,HOLMBERG,1191,1191,15,49,75,1b,Villa Ortuzar,15,C1427CYG,Micro Obra,23.01,-58.46825495302689,-34.5807362927186
122189885/18,2019-06-27,ROSETI,2155,2155,15,49,42,21,Villa Ortuzar,15,C1427BWQ,Obra Media,919.9,-58.4716266457694,-34.581333949589
23668297/18,2019-06-11,TRIUNVIRATO AV.,3212,3212,15,49,69,19,Villa Ortuzar,15,C1427AAS,Obra Media,1560.89,-58.4677165952024,-34.5838961443929
33113280/18,2019-06-06,TRIUNVIRATO AV.,3230,3230/38,15,49,69,21a,Villa Ortuzar,15,C1427AAS,Obra Mayor,5052.99,-58.467990181378205,-34.5838602598212
3026514/18,2019-06-07,TRIUNVIRATO AV.,3361,3361,15,49,70,5,Villa Ortuzar,15,C1427AAG,Obra Media,1525.73,-58.4690502285308,-34.5830157441723
2341941/19,2019-08-23,"CARRIL, SALVADOR MARIA DEL AV.",3033,3033/35,16,73,9a,27,Villa Pueyrredon,12,C1419GZJ,Obra Media,622.4,-58.500048790409004,-34.591591219341105
27569711/18,2019-08-13,MOSCONI GENERAL AV.,2383,2383/85,16,73,71,22,Villa Pueyrredon,12,C1419EQC,Micro Obra,,-58.4964071723736,-34.5824014674807
22036984/19,2019-08-07,"DUARTE, JUAN PABLO",4891,4891/93,16,73,8A,8,Villa Pueyrredon,12,C1419CSC,Obra Menor,64.9,-58.5067361249234,-34.586726016259796
30391934/17,2019-08-13,HABANA,2967,2967/69,16,73,19,26,Villa Pueyrredon,12,C1419GPQ,Micro Obra,,-58.50044811734839,-34.5895239088106
15946447/19,2019-09-23,CAMPANA,5153,5153/57,15,83,254B,10,Villa Pueyrredon,12,C1419AHW,Obra Menor,322.08,-58.5105079491724,-34.5858303681433
34494291/18,2019-06-11,CAMPANA,4551,4551/53,15,83,248,18,Villa Pueyrredon,12,C1419AHK,Obra Menor,98.72,-58.5061897380443,-34.590542667228696
18488354/19,2019-09-20,ESTADO PLURINACIONAL DE BOLIVIA,4635,4635,16,73,54,17,Villa Pueyrredon,12,C1419DTW,Obra Menor,151.33,-58.498051631858104,-34.5846355050876
30151867/17,2019-06-05,COCHRANE,2944,2944,16,75,25A,5,Villa Pueyrredon,12,C1419FMP,Obra Menor,227.71,-58.5083902137444,-34.5803626012932
638456/18,2019-06-06,DE LOS CONSTITUYENTES AV.,5402,5402,16,75,113,16A,Villa Pueyrredon,12,C1431EZS,Obra Menor,206.88,-58.5000067845251,-34.576144366907805
30146834/17,2019-06-28,CUENCA,4942,4942,15,83,252A,28,Villa Pueyrredon,12,C1419ABV,Obra Menor,434.04,-58.5082837353602,-34.5867513014721
33217382/18,2019-06-28,CUENCA,5441,5441,16,75,6,21,Villa Pueyrredon,12,C1419ACE,Obra Menor,264.13,-58.511221550104,-34.5826934582659
27951374/19,2019-09-30,CURUPAYTI,2935,2935,16,75,25A,25,Villa Pueyrredon,12,C1419GBA,Obra Menor,90.96,-58.507877948650204,-34.580629687548104
30386702/18,2019-06-11,HABANA,2575,2575,,,,,Villa Pueyrredon,12,C1419GPI,Obra Menor,43.28,-58.495905799492704,-34.586713758403604
33344137/18,2019-06-13,HELGUERA,5630,5630,16,75,008A,20,Villa Pueyrredon,12,C1419CWD,Obra Menor,90.7,-58.5117149663187,-34.580619755910604
27771153/19,2019-09-30,"CASTELLANOS, JOAQUIN",4888,4888,16,73,24B,30,Villa Pueyrredon,12,C1419DDD,Obra Menor,254.55,-58.5043290714538,-34.5852406937355
13126658/17,2019-07-18,VALLEJOS,2625,2625,16,73,45,1X,Villa Pueyrredon,12,C1419GIM,Obra Mayor,2936.44,-58.4977196352929,-34.585873432488604
5031083/19,2019-07-18,"ZEBALLOS, ESTANISLAO S.",4942,4942,15,83,252b,16,Villa Pueyrredon,12,C1419AFF,Obra Mayor,2497.09,-58.508838073577394,-34.5871923053424
18554552/19,2019-07-29,NAZARRE,5493,5493/99,15,93,174b,13,Villa Real,10,C1408BDC,Obra Mayor,180.2,-58.521384186778896,-34.6201222795337
23681080/19,2019-09-23,BRUSELAS,1218,1218/20,15,93,82,1b,Villa Real,10,C1408BYP,Obra Menor,110.32,-58.5257820658008,-34.622870187675
32920203/18,2019-07-16,"BEIRO, FRANCISCO AV.",5773,5773,15,93,131,16,Villa Real,10,C1419IAG,Obra Mayor,1587.94,-58.53008163,-34.617575999626105
8536452/19,2019-07-31,TINOGASTA,5327,5327,15,93,193A,22,Villa Real,10,C1408BGA,Obra Menor,465,-58.5215054811526,-34.6172696500372
6425809/19,2019-06-28,TINOGASTA,5563,5563,15,93,158,23,Villa Real,10,C1408BGE,Obra Menor,229.61,-58.52387779936971,-34.6194019578285
31311429/18,2019-07-18,CORRALES,6555,6555,1,82,52,18,Villa Riachuelo,8,C1439DBK,Obra Mayor,104.3,-58.472220142821705,-34.690660758011695
2637199/19,2019-06-25,TABARE,6668,6668/70,1,82,26,39,Villa Riachuelo,8,C1439DGL,Obra Menor,73.58,-58.4716224065668,-34.6924972863229
20577012/19,2019-09-25,"FERNANDEZ DE LA CRUZ, F., GRAL. AV.",6401,6401/05,1,82,47,14o,Villa Riachuelo,8,C1439CPD,Obra Menor,70.89,-58.4747392177944,-34.6868857294037
30392043/17,2019-08-30,CORRALES,6221,6221,1,82,60,1b,Villa Riachuelo,8,C1439DBE,Micro Obra,,-58.469926084488,-34.6882970791283
19216975/18,2019-06-26,BERON DE ASTRADA,6720,6720,1,84,16,13,Villa Riachuelo,8,C1439DPR,Obra Menor,349.52,-58.4697783000582,-34.6946307657101
7868330/18,2019-06-28,"GORDILLO, TIMOTEO",4756,4756,1,82,72,27,Villa Riachuelo,8,C1439GJJ,Obra Menor,249.75,-58.4745764967268,-34.683991618965806
30424038/17,2019-07-18,SAN BLAS,2978,2978/82,15,67,34,7,Villa Santa Rita,11,C1416EGB,Obra Mayor,2006.52,-58.482184106945,-34.6121042559081
15021086/19,2019-08-15,NAZCA AV.,1614,1614/18,15,67,31A,11C,Villa Santa Rita,11,C1416ASS,Micro Obra,,-58.4785570209471,-34.6153644504044
34920141/18,2019-08-12,HELGUERA,1030,1030/32,15,67,2,34,Villa Santa Rita,11,C1416BBD,Obra Media,981.21,-58.4779962024502,-34.6206188149618
6170987/19,2019-07-19,CUENCA,1015,1015/17,15,67,2,19,Villa Santa Rita,11,C1416BCC,Obra Menor,300,-58.478815178554896,-34.621209468168004
35245769/18,2019-07-31,"ESCALADA DE SAN MARTIN, R.",2873,2873,15,67,43,20,Villa Santa Rita,11,C1416CWQ,Obra Mayor,1778.3,-58.477895388703004,-34.6149823507678
26840315/18,2019-07-11,SAN NICOLAS,981,981,15,79,88,7c,Villa Santa Rita,11,C1407DCQ,Obra Mayor,4041,-58.4830364838251,-34.6229942380192
20019069/19,2019-09-20,"FERNANDEZ DE LA CRUZ, F., GRAL. AV.",2818,2818/22,18,21,28,20,Villa Soldati,8,C1437GZU,Micro Obra,,-58.440828173253,-34.6580804550942
31195008/18,2019-07-10,PACHECO,3025,3025,16,53,22B,11,Villa Urquiza,12,C1431FJK,Obra Mayor,1243.22,-58.487972789847795,-34.568102432976
13441091/19,2019-07-18,"TAMBORINI, JOSE PASCUAL",5191,5191/99,16,63,133,22,Villa Urquiza,12,C1431AGK,Obra Mayor,150.56,-58.4925508041376,-34.5663525770567
18478090/19,2019-07-22,"RIVERA, PEDRO I., DR.",5782,5782/92,16,63,32,11,Villa Urquiza,12,C1431BVZ,Micro Obra,,-58.4961110714922,-34.5765155121625
22375905/19,2019-08-08,QUESADA,6018,6018/20,16,63,7,3,Villa Urquiza,12,C1431ADD,Micro Obra,,-58.5006465870366,-34.573958051529495
24040748/17,2019-09-30,"RIVERA, PEDRO I., DR.",5836,5836/46,16,63,3,10c,Villa Urquiza,12,C1431BWB,Micro Obra,,-58.4968860492544,-34.577056075261304
35195921/18,2019-09-13,OLAZABAL AV.,5642,5642/44,16,51,5,8b,Villa Urquiza,12,C1431CGZ,Obra Mayor,4332.5,-58.4921105891019,-34.5805640799261
27997126/18,2019-08-27,"ACHA, MARIANO, GRAL.",3458,3458/62,16,53,70,36a,Villa Urquiza,12,C1430DVR,Micro Obra,,-58.4869707108689,-34.561651377333604
32769529/18,2019-06-13,"ACHA, MARIANO, GRAL.",2764,2764/68,16,53,63,5,Villa Urquiza,12,C1430DVD,Obra Media,1429.52,-58.48154796407471,-34.5676963334618
33217571/18,2019-07-24,LA PAMPA,5167,5167/69,16,51,50B,17,Villa Urquiza,12,C1431CQM,Obra Mayor,1995.26,-58.480981132348006,-34.5800219612715
28271927/17,2019-08-28,ECHEVERRIA,4295,4295/99,16,51,102,21,Villa Urquiza,12,C1430BTS,Obra Media,1026.44,-58.4741510364583,-34.5735735748858
15127369/18,2019-07-10,DIAZ COLODRERO,2318,2318/42,15,51,59,12h/13a,Villa Urquiza,12,C1431FLB,Micro Obra,,-58.485181916942,-34.5744914317712
15977582/19,2019-07-31,DE LOS CONSTITUYENTES AV.,5251,5251/55,16,63,4,15K,Villa Urquiza,12,C1431EZD,Micro Obra,,-58.4982017539734,-34.5768792415446
32754265/18,2019-06-11,CERETTI,2686,2686/90,16,63,31,34,Villa Urquiza,12,C1431ELF,Obra Media,2273.45,-58.49510238549539,-34.5761057161003
27440666/18,2019-09-30,BUCARELLI,2633,2633/37,16,63,102,9,Villa Urquiza,12,C1431DRE,Obra Mayor,3435.83,-58.49026489583589,-34.573727620805805
28388433/17,2019-08-16,BAUNESS,2964,2964/66,16,63,105,20,Villa Urquiza,12,C1431DOL,Obra Menor,38.75,-58.4913535006084,-34.5709337412835
33044104/18,2019-06-18,BLANCO ENCALADA,5480,5480/84,16,51,20,12,Villa Urquiza,12,C1431CDV,Obra Media,1237.62,-58.4908342886371,-34.5784121333699
29516983/18,2019-06-11,BLANCO ENCALADA,4110,4110/62,16,51,105,1f,Villa Urquiza,12,C1430BON,Obra Mayor,9216.23,-58.4766028153789,-34.5698330355658
7244163/19,2019-07-23,ACHEGA,3095,3095,16,63,22,11a,Villa Urquiza,12,C1431ETC,Obra Mayor,682.66,-58.5001317543781,-34.5737975655399
16121045/19,2019-07-18,ACHEGA,3580,3580,16,63,21,47,Villa Urquiza,12,C1431ETN,Obra Menor,150,-58.5051863099685,-34.5681182356834
13524849/16,2019-06-05,ALTOLAGUIRRE,3090,3090,16,63,68,40,Villa Urquiza,12,C1431EDN,Obra Menor,462.19,-58.495543829915505,-34.5715106982206
5850213/19,2019-08-20,ALTOLAGUIRRE,3361,3361,16,63,84B,9,Villa Urquiza,12,C1431EDS,Obra Menor,443.83,-58.4975184119038,-34.568395740338396
11023606/17,2019-06-06,ANDONAEGUI,2483,2483/85,16,63,88B,9,Villa Urquiza,12,C1431DWA,Micro Obra,,-58.49006494909229,-34.5756147595825
34899923/18,2019-08-27,BLANCO ENCALADA,4449,4449,16,51,85,16,Villa Urquiza,12,C1431CDA,Obra Media,1228.99,-58.4798995711763,-34.571457294123896
15568765/18,2019-06-28,BLANCO ENCALADA,4880,4880,16,51,58,11,Villa Urquiza,12,C1431CDJ,Obra Media,2094.29,-58.484276259329704,-34.5746563301052
34207500/18,2019-08-21,BUCARELLI,2310,2310,16,51,37,29a,Villa Urquiza,12,C1431DQT,Obra Media,2376,-58.487888187165794,-34.5762794410385
30153526/16,2019-09-13,BURELA,3263,3263,16,63,70,15,Villa Urquiza,12,C1431EHQ,Obra Mayor,2547.45,-58.49761560768479,-34.5700284593802
38617784/15,2019-09-27,CONGRESO AV.,5214,5214,16,63,105,1F,Villa Urquiza,12,C1431AAU,Micro Obra,,-58.4915138317981,-34.570677904351896
3801887/17,2019-06-26,CONGRESO AV.,5828,5828,16,63,6A,3,Villa Urquiza,12,C1431ABN,Micro Obra,,-58.4987011389832,-34.5745279874618
20526806/18,2019-07-24,DE LOS CONSTITUYENTES AV.,5141,,16,63,3,17,Villa Urquiza,12,C1431EZC,Obra Mayor,1005.64,-58.4973345672916,-34.577605542604196
26215637/19,2019-08-29,CULLEN,5824,5824,16,63,38,17,Villa Urquiza,12,C1431BXV,Micro Obra,,-58.4961122516642,-34.5776228034684
17920593/19,2019-07-18,DE LA TECNICA,5556,5556,16,63,83A,6,Villa Urquiza,12,C1431AIF,Obra Mayor,682.82,-58.4961800598985,-34.5694694548191
13681139/19,2019-08-14,ECHEVERRIA,3845,3845,16,51,130,16,Villa Urquiza,12,C1430BTK,Obra Menor,380.19,-58.4702635969204,-34.571252840704496
15609111/19,2019-09-24,"TAMBORINI, JOSE PASCUAL",4567,4567,16,53,69A,15,Villa Urquiza,12,C1430ASI,Obra Menor,189.32,-58.4860743067768,-34.563178696236896
13224594/18,2019-06-06,LAVOISIER,3230,3230,16,63,37,24,Villa Urquiza,12,C1431DTF,Obra Menor,294.1,-58.4997695260664,-34.5714731147115
33451381/18,2019-06-27,LAVOISIER,3558,3558,16,63,41,35,Villa Urquiza,12,C1431DTL,Obra Menor,194.37,-58.503111337550294,-34.5674755319249
10563041/19,2019-06-11,"ACHA, MARIANO, GRAL.",2823,2823,16,53,75,13,Villa Urquiza,12,C1430DVE,Obra Menor,426.7,-58.4816639759931,-34.566836406370804
21845642/19,2019-09-16,"PEDRAZA, MANUELA",6236,6236,16,63,10,6,Villa Urquiza,12,C1431AKH,Obra Menor,56.46,-58.504105570019,-34.571833697025596
17375900/19,2019-09-26,MILLER,3470,3470,16,53,48,38,Villa Urquiza,12,C1431GER,Obra Menor,278.62,-58.488987817200204,-34.562167002936505
12761058/17,2019-09-30,MONROE,4632,4632,31,16,51,79,Villa Urquiza,12,C1431CAD,Obra Media,2271.23,-58.48108488022061,-34.5716043727592
33006786/18,2019-06-26,"RIVERA, PEDRO I., DR.",4079,4079,16,53,113,14,Villa Urquiza,12,C1430BFC,Obra Menor,84.49,-58.477910336322495,-34.5661212406869
15842792/16,2019-07-01,PIRAN,6235,6235,16,63,15,25,Villa Urquiza,12,C1431AMQ,Obra Mayor,1051.29,-58.505149903194294,-34.5703734896462
9574770/17,2019-06-06,QUESADA,5074,5074/76,16,53,7,11,Villa Urquiza,12,C1431ACJ,Micro Obra,,-58.489426903269504,-34.568224485780505
7670829/19,2019-08-02,RUFINO,3161,3161,16,63,107A,9,Villa Urquiza,12,C1431DUC,Micro Obra,6.4,-58.49330189061279,-34.569085035273396
23334652/19,2019-07-30,"LE BRETON, TOMAS A.",5030,5030,16,63,128,2,Villa Urquiza,12,C1431BQS,Micro Obra,,-58.4888558701912,-34.570428865001396
31243966/18,2019-08-23,"LE BRETON, TOMAS A.",5569,5569,16,63,67,22,Villa Urquiza,12,C1431BQK,Obra Media,750.09,-58.4949233571739,-34.573223658062304
11417678/19,2019-08-29,"TAMBORINI, JOSE PASCUAL",5879,5879,16,63,2,2,Villa Urquiza,12,C1431AGY,Obra Menor,65.44,-58.5007749243034,-34.5707039158445
26649968/19,2019-09-10,VALDENEGRO,3043,3043,16,53,44,15,Villa Urquiza,12,C1431GAI,Micro Obra,16.46,-58.48575611346,-34.566788542838204
18636342/18,2019-07-01,ANTARTIDA ARGENTINA AV.,455,455,20,3,77a,0,Retiro,1,C1104AAP,Obra Mayor,589.5,-58.372527612060395,-34.5859677703447
16079848/19,2019-07-12,PARAGUAY,460,460/76,20,3,53,5/16/6a,Retiro,1,C1057AAD,Obra Mayor,239.94,-58.373704234697705,-34.5975318232269
28784919/15,2019-08-01,"ALVEAR, MARCELO T. DE",715,715/45,20,3,36,1a,Retiro,1,C1058AAI,Micro Obra,,-58.37777192425511,-34.5959186238095
14623421/18,2019-07-11,"MADERO, EDUARDO AV.",1180,1180,20,3,62D,5a,Retiro,1,C1106ACY,Micro Obra,,-58.3718259122748,-34.594233491424
11453997/18,2019-06-07,PARAGUAY,814,814/16,20,3,26,11,Retiro,1,C1057AAL,Obra Media,2396.87,-58.3786045075425,-34.5978867848453
23220525/17,2019-06-28,SANTA FE AV.,760,760,20,3,36,2a,Retiro,1,C1059ABO,Obra Menor,356.64,-58.377935662759,-34.595492544278805
13016372/19,2019-07-02,SUIPACHA,1032,1032,20,3,21,33C,Retiro,1,C1008AAV,Micro Obra,,-58.3803102389254,-34.5960702920438
11186983/19,2019-09-20,USPALLATA,1902,1902/10,3,16,3,1a,Barracas,4,C1282AEH,Obra Media,659.87,-58.3895209211812,-34.6364140548064
35466399/19,2019-08-23,TACUARI,1970,1970/72,3,8,29,15,Barracas,4,C1139AAP,Obra Menor,163.74,-58.3736110624234,-34.6307376155319
18907219/19,2019-07-10,TACUARI,1793,1793/97,3,8,7,28F,Barracas,4,C1139AAK,Micro Obra,,-58.37594532279451,-34.6289328429583
24122817/18,2019-07-10,SUAREZ,1617,1617/21,4,10,14,21,Barracas,4,C1288AEI,Obra Mayor,1619.51,-58.3736836115116,-34.6383873258674
27019284/18,2019-08-26,RIO CUARTO,2560,2560/74,3,18,63,13a,Barracas,4,C1292ABH,Obra Mayor,4410.17,-58.381470034617,-34.651755251493896
11800194/17,2019-09-27,LUJAN,2507,2507/97,3,18,47,B,Barracas,4,C1294ACC,Obra Menor,139.49,-58.380240154138,-34.6564139560774
14500513/18,2019-08-14,"MONTES DE OCA, MANUEL AV.",1005,1005/07,3,18,142b,31,Barracas,4,C1270AAK,Micro Obra,,-58.37499207938729,-34.6397832429045
9313888/18,2019-08-07,"IRIARTE, GRAL. AV.",2130,2130/32,3,18,99B,2,Barracas,4,C1291ABR,Obra Menor,175.24,-58.3774503452899,-34.6492435519622
26598858/16,2019-08-16,"HORNOS, GRAL.",1122,1122/24,3,18,142,9,Barracas,4,C1272ACV,Micro Obra,,-58.3755008287969,-34.6398080862324
12856709/18,2019-07-12,"AROLAS, EDUARDO",2101,2101/65,3,16,55B,38b,Barracas,4,C1295AAA,Obra Mayor,139.8,-58.381121842399395,-34.6370736574126
21857247/19,2019-09-17,BOLIVAR,1740,1740/48,3,8,53,2e/2f,Barracas,4,C1141AAL,Micro Obra,,-58.3717420040656,-34.6285942295266
5288870/19,2019-06-24,AUSTRALIA AV.,3142,3142/60,2,26,37,8A15,Barracas,4,C1296ABR,Micro Obra,,-58.390792496921705,-34.6469726848251
32911147/18,2019-08-08,CALIFORNIA,3151,3151,2,26,036B,24,Barracas,4,C1289ABQ,Obra Menor,364.8,-58.391704432504994,-34.6496652843365
24463984/18,2019-07-11,"SALMUN FEIJOO, JOSE AARON",1239,1239,3,18,110,38,Barracas,4,C1290AJC,Obra Mayor,396.76,-58.3771853163149,-34.646524695288
27801295/16,2019-09-30,"JOVELLANOS, GASPAR M. DE",1446,1446,4,10,29,14,Barracas,4,C1269ACL,Obra Menor,201.42,-58.3706808665551,-34.6457671851335
20086973/19,2019-08-06,"MAGALDI, AGUSTIN",2209,2209,2,26,15,1C,Barracas,4,C1286AFW,Micro Obra,,-58.391802519201605,-34.6615403848964
38603503/15,2019-06-28,"MONTES DE OCA, MANUEL AV.",1526,1526,4,10,8,11a,Barracas,4,C1270ABP,Micro Obra,,-58.3727673256961,-34.6447823454081
29252949/18,2019-06-10,SANTO DOMINGO,2225,2225,3,18,87,27,Barracas,4,C1293AFA,Obra Menor,168.52,-58.3777694514695,-34.65141473262
25826415/17,2019-06-11,DIRECTORIO AV.,4565,4565,15,85,70B,20,Parque Avellaneda,9,C1407HGF,Obra Menor,448.03,-58.48690474246101,-34.6472275335002
26066076/18,2019-06-05,GARZON EUGENIO GENERAL,4769,4769/71,1,62,165,29,Parque Avellaneda,9,C1407HMI,Obra Menor,156.95,-58.484938190562296,-34.650313080554
23649154/18,2019-06-10,"RODO, JOSE E.",4361,4361,1,54,71,26,Parque Avellaneda,9,C1407HDM,Obra Menor,497.85,-58.4862713234317,-34.643144939474
3330450/18,2019-06-10,"AMEGHINO, FLORENTINO, DR.",1896,1896,1,56,054B,018C,Parque Avellaneda,9,C1407JBB,Obra Menor,130.45,-58.4724381093771,-34.654727091754104
8493012/19,2019-06-27,MEDINA,691,691,1,54,71,29c,Parque Avellaneda,9,C1407JEM,Micro Obra,4.16,-58.4860096661489,-34.6429039816703
26609823/16,2019-08-13,"RECUERO, CASIMIRO, TTE. CNEL.",3417,3417,1,50,34,32,Parque Avellaneda,9,C1406HQE,Obra Menor,225.7,-58.4644843587813,-34.645435293514296
17478346/17,2019-06-12,SANTANDER,5212,5212/16,1,64,21,2,Villa Lugano,8,C1439ASP,Obra Menor,60.73,-58.4787088930426,-34.6670586777878
34986646/18,2019-06-27,RIESTRA AV.,5644,5644/46,1,80,109,6,Villa Lugano,8,C1439BYU,Obra Menor,191,-58.4746128628732,-34.6770515424712
20671617/19,2019-08-16,PIEDRA BUENA AV.,4503,4503/07,1,80,3,1,Villa Lugano,8,C1439GWC,Obra Menor,307.91,-58.4800051640841,-34.6842248317543
15231636/18,2019-07-29,"CASCO, HORACIO, DR.",4887,4887/89,1,64,59A,20,Villa Lugano,8,C1439BAI,Obra Mayor,211.16,-58.4781214622392,-34.6631254075641
12140093/18,2019-07-25,FONROUGE,2743,2743/45,1,64,17,32C,Villa Lugano,8,C1439ELA,Obra Mayor,257.1,-58.4854480637592,-34.6632103521256
23271396/19,2019-08-20,"FERNANDEZ DE LA CRUZ, F., GRAL. AV.",5161,5161,1,66,93,1a,Villa Lugano,8,C1439COB,Obra Menor,174.48,-58.4644793546021,-34.6776208264161
12634194/19,2019-08-15,ZELARRAYAN,5872,5872,1,80,95,9,Villa Lugano,8,C1439AHB,Obra Menor,69.14,-58.4807584094442,-34.6756026053788
